relative_path,format,size_bytes,width,height,captured_at,capture_time_source,sha256
IMG_3871.JPG,JPEG,5014983,5712,4284,,unavailable,065d7b521faf28495197dbe816e0752b62d211fd31fd72cc8f8f747a4c721f31
IMG_3872.JPG,JPEG,3297866,5712,4284,,unavailable,a3e3ea4fa2ac8e0b44aa6f701927ce18390e8a6732d925e170c00f57cacb9ee2
IMG_3873.JPG,JPEG,3191415,5712,4284,,unavailable,0e2a0e47ddb7ebcc25a79ae0f7ddc0a3e3d06e12932769b625728f5a61d3a122
IMG_3874.JPG,JPEG,3798635,5712,4284,,unavailable,2e9a1ef6665277735f734dd70f01b11ed4a375cad72aa206b883f612238d8701
IMG_3875.JPG,JPEG,4744318,5712,4284,,unavailable,c921d0fd0e32581ee258b4c17fcd4634b0e9191ad8d435166a798579ce31b5d9
IMG_3876.JPG,JPEG,5058387,5712,4284,,unavailable,2de1bf75b6c9b03e899b056dace884ede35243e8dc2ae4af1eb9927ccfb3a355
IMG_3877.JPG,JPEG,4914796,5712,4284,,unavailable,610f7ef4644b77de1cb9fe8c13a5917d33767bac3d624a10e6595c88964a1aa7
IMG_3878.JPG,JPEG,3386842,5712,4284,,unavailable,ecf9f96c8d5f2122d0746e0772c31c21ea251b06447a2e209bd897ace8bd8864
IMG_3881.JPG,JPEG,4238466,5712,4284,,unavailable,e38159da0351efa1e61afd439e8674eb23e5e671452d75c70d1a98cd1c61250a
IMG_3882.JPG,JPEG,2178665,3672,4896,,unavailable,8fafe4f2b667bbc27c832f5513abcd716fbdf39df9c4d67d5fc86f4d49d598b4
IMG_3883.JPG,JPEG,2238954,3672,4896,,unavailable,e3d0d6372f4fe5d9e5a93b4b5a3812792634af50839cca448031054a48fb3ccb
IMG_3884.JPG,JPEG,3040846,5712,4284,,unavailable,b7d05a53c15ae369fa5b832e6c62a6374755e20005fbf02240356fd7b3d93bf9
IMG_3885.JPG,JPEG,3443528,5712,4284,,unavailable,04159d0402a9700372a4be417a2a081dd1d516fa4f3437d77d1a79b4cbd4c405
IMG_3886.JPG,JPEG,2251267,5712,4284,,unavailable,265513f935a0621bcd359cd3e804b55123ec0cc372653f73dd2f07692d3c4a98
IMG_3887.JPG,JPEG,3635696,5712,4284,,unavailable,25a81521473f645ebdd53438665cea04206ded507eb8b575097ca22c5e8652dc
IMG_3888.JPG,JPEG,3290031,5712,4284,,unavailable,dc4e05736a911b996e4281227c555b3d31778b6059f4f201b14b642ac2fde4c0
IMG_3889.JPG,JPEG,3836912,5712,4284,,unavailable,01b64fa47037c1684caa4a0b17253793c3514efba162d49590a5ef56fc31d581
IMG_3890.JPG,JPEG,3661893,5712,4284,,unavailable,def369c94c3d5b6bfcc04f952f7b0952ad4a414be15daec0031d866d16d21c03
IMG_3891.JPG,JPEG,1803929,4032,3024,,unavailable,cefbef5bf63015b15d9b6a6a5049f8041c5e30011ca1ac56198cfe96f17bcb6c
IMG_3892.JPG,JPEG,5649987,5712,4284,,unavailable,e0455a849722dcfbe780f7bb47d69e625d5febe4d1e0d11fa47c90b7e227ca3c
IMG_3893.JPG,JPEG,3591419,5712,4284,,unavailable,ab2aace5aa122dfb51e69819a40fb48cdb586d7102fb4f84400c1fe808cbecc1
IMG_3894.JPG,JPEG,4417606,5712,4284,,unavailable,a2a831e7fd12e44243d6b7050a1a199c480bc2d7f6b498890627188d2ae0ec34
IMG_3895.JPG,JPEG,3582303,5712,4284,,unavailable,72806d7e9729842895e0eb410ffdae174ad3a167940c9ad9958448d64b012075
IMG_3896.JPG,JPEG,3729962,5712,4284,,unavailable,a07ee46e274504973a133ee839c9da670594418bee4a62fd13b59fb5b6f57794
IMG_3897.JPG,JPEG,2681189,5712,4284,,unavailable,71a43559b4dfc476b8fd041f5c99dae8eeff42a94d5891c4145d69a2ff6813f7
IMG_3898.JPG,JPEG,3780253,5712,4284,,unavailable,8ccdd559fd2759f4f57e733568e6512ec1fd38be9910621b6de2813be5721f29
IMG_3899.JPG,JPEG,3234153,5712,4284,,unavailable,64076f41e15666c0108be2cb86bd66e92fea9b4be2af61b20f091bc060afbf93
IMG_3900.JPG,JPEG,2836647,4192,3144,,unavailable,c28b630bc3a8ed7fb67cc41a596842a727fcdf9c0e3c795ee592af514e94960a
IMG_3901.JPG,JPEG,3679929,5712,4284,,unavailable,189fe73c3f532d4e561dc14c11f2e540410f84183497b766558493cfb88c1e72
IMG_3902.JPG,JPEG,4353013,5712,4284,,unavailable,335b7d7da01961c92c661a3c83a679e2674c949d583743b49945d2d133cf97ca
IMG_3903.JPG,JPEG,2971841,4192,3144,,unavailable,65433231901ddee9cc7313b948e2dd64b46d88e0e1e922841b0ed3fe3f01bd18
IMG_3904.JPG,JPEG,3655045,5712,4284,,unavailable,fa2a8cc02797f78223c002550082dcf07205d83aaee75f31dd6eb1a7d2a54c3e
IMG_3905.JPG,JPEG,3302899,5712,4284,,unavailable,d7736b71b3866249cf2b5b726aef3f4f3e4619870b1843ac8fa7bd71cfa81f38
IMG_3906.JPG,JPEG,4175176,5712,4284,,unavailable,770b1b9ae33631e981ebd8ad3cf1aa13be58c65a28022ca2aa3935f05024921f
IMG_3907.JPG,JPEG,4208202,5712,4284,,unavailable,7a445fdbd98f2e1a39c029e8eb88bb6112549720ee4df274fff8edc46a54b7f9
IMG_3908.JPG,JPEG,3534931,5712,4284,,unavailable,bad78df4e5a346f5563f371f463869dfa39c1fc79a9377809eb0b0a3867807bf
IMG_3909.JPG,JPEG,4290624,5712,4284,,unavailable,9dcce56e27a1a3daa1474015169f45fefc17a398a2e4999186e1ffdf0e230b0f
IMG_3910.JPG,JPEG,6579753,5712,4284,,unavailable,6db21052bb4f79b42f414f9f348e310efd57effba036357afd56987ab0c7e97a
IMG_3911.JPG,JPEG,6233038,5712,4284,,unavailable,2dccb9080986522d2772ae3f767dbec6158bee6a338e513b9a54984ca1ece332
IMG_3912.JPG,JPEG,2718674,5712,4284,,unavailable,e6523616e99f80a3665c003dde94af1f39116c35772b338968cc1f7f5ec8451b
IMG_3913.JPG,JPEG,5761156,5712,4284,,unavailable,7f57456b3267d47502ba68a94c1cb8323991934e763e827ac92c064556f11ab7
IMG_3914.JPG,JPEG,3737563,5712,4284,,unavailable,62754bce5dae8fdebec3dd1f42d6bc734d6144fa721e4e3133f84c4ff99ee4a2
IMG_3915.JPG,JPEG,3545077,5712,4284,,unavailable,b20871cb66bf79905587e42ffec6cb61544b35553b99702b3e29ccb382f5df4f
IMG_3916.JPG,JPEG,3930589,5712,4284,,unavailable,5bbe83746ed1ba0f11daa42c80daabd56aa7cc8096cd97cffbdfc5d8eeb0bcb0
IMG_3917.JPG,JPEG,4322583,5712,4284,,unavailable,5550fffafd5855194f776065a7d723d7d8dcd4ddd3aeb8af875ece9484632471
IMG_3918.JPG,JPEG,5041917,5712,4284,,unavailable,af63a7a2de0043824be48d2b758561342ed60650f1fd6b355339a6078ffe3075
IMG_3919.JPG,JPEG,6409145,5712,4284,,unavailable,023546f6f2d16a429741410c7738b992802e21ce436e34eba805271d7e7488be
IMG_3920.JPG,JPEG,4872035,5712,4284,,unavailable,575a77fd7a834787a6fedb0d893667fd96b710d4112356b32a60f0e8a3483967
IMG_3921.JPG,JPEG,5215433,5712,4284,,unavailable,3df7e1ecbc1d866359c08f2aa0fc65860dfc61d7fd766e712bc13fbe955c3e52
IMG_3922.JPG,JPEG,5488494,5712,4284,,unavailable,1234b4de3d60410c1014ad1a7f9b41933916417368400b74aecea39302142e8a
IMG_3923.JPG,JPEG,6673086,5712,4284,,unavailable,132a5d1db4021ea6081460f147a20653f426a4dd6505588835db3a3a1c3ecd4f
IMG_3924.JPG,JPEG,3949716,5712,4284,,unavailable,33f187eed9ddc5e0b7037a7834b3110cac9344edb1ae253f2dc5e742948e73c7
IMG_3925.JPG,JPEG,2013671,4032,3024,,unavailable,a9f6ffef61fd134bc5abae80b862d5defee5556e805b3c01eb23449b5abf31d0
IMG_3926.JPG,JPEG,5209103,5712,4284,,unavailable,816ffbc57905064e7250c0a021810af4e33c14860875eada574d66657c85b4d3
IMG_3927.JPG,JPEG,5066130,5712,4284,,unavailable,0d5852a5d60e179ad89ef483a970980860a549dc4e93fb4385def5d7d0327b3f
IMG_3928.JPG,JPEG,3013729,5712,4284,,unavailable,c472c68dfd574e1c5480577345aee13838cd79b6adfc7c85003b95c9c7b4b669
IMG_3929.JPG,JPEG,5795858,5712,4284,,unavailable,a9aa5a68bd2ed8c9970f37c598d797077eb9e2e8542c22324faff60b82e7caf0
IMG_3930.JPG,JPEG,2319182,4032,3024,,unavailable,fc8545e29dcc31ce2cab76cbb0f3ac0fa91d7a9222d238343a089767bb13cc59
IMG_3931.JPG,JPEG,4844081,5712,4284,,unavailable,9a714e95c4f8f0fc177d6c65d432790debde5f49d678781ca7556f00086e1e2a
IMG_3932.JPG,JPEG,4311214,5712,4284,,unavailable,7f621353c0004132cf0eca6a2d45c3377cc145b441264dd7a63dc86c2ae24c82
IMG_3933.JPG,JPEG,4626109,5712,4284,,unavailable,4ebcb2f15485be285063b82b4dd92bf0060ca6cc0ddb4758921de38c7327ff07
IMG_3934.JPG,JPEG,3073452,5712,4284,,unavailable,da35e194453a5f5ac27fbcc20682ea96b4176e99a45e8ce3998db5166937e291
IMG_3936.JPG,JPEG,5928575,5712,4284,,unavailable,c8d86bd443dc8cad3dbec06e154c216a755423c98841b9979f8f811bf2ec0139
IMG_3937.JPG,JPEG,5870342,5712,4284,,unavailable,8dedcb89a141b92b7ebbecc84ae955c6f76ca1034a69376eb8be178fd0b48019
IMG_3938.JPG,JPEG,6172503,5712,4284,,unavailable,665f69e89223b3102719f034ebfeb6b496fd11b575b289ccaaf325f141ae01d9
IMG_3939.JPG,JPEG,4895224,5712,4284,,unavailable,3225e6939fc2654dd93f04e5e327b9c9251b349e337b40ae23ae45b2e79a2290
IMG_3940.JPG,JPEG,3268761,5712,4284,,unavailable,805db6e9f970984d3f08ec61a4f0a39e4ab9b2d6ca15cefffde63e96ff720420
IMG_3941.JPG,JPEG,3919329,5712,4284,,unavailable,13e00d7875ab7e250621356442b43428d8ad40439ecf1e064be6d3670faa02a3
IMG_3942.JPG,JPEG,2739146,5712,4284,,unavailable,f87f7ce4965e18c1cde3501454f68838b59d302d2f7e04d5f92f211dc3666eef
IMG_3943.JPG,JPEG,3737197,5712,4284,,unavailable,1eb5bb631976fe5ce0a4aa27cf6c223c1e10f0629f2730a17e5c45de41564936
IMG_3944.JPG,JPEG,2773886,5712,4284,,unavailable,43e23908764ebc127fdc32b71333521af9489ae4d2c9a22c535658c1331156c4
IMG_3945.JPG,JPEG,4550064,5712,4284,,unavailable,0ff86f16a3e08cf2cdafb274d5b5452874ebd1370482954d9cbee8153dbc5521
IMG_3946.JPG,JPEG,4273819,5712,4284,,unavailable,8a708b84ec61bca0bb23ca156376efa3c715e66551777bcda109f75095bd2755
IMG_3947.JPG,JPEG,4237712,5712,4284,,unavailable,ed08d2a06d1a98ddbb4cb3b6f40800aca4aef7786deceb7863e79e4826f8270e
IMG_3948.JPG,JPEG,4835768,5712,4284,,unavailable,da2de991b04217e7892f02077fa52f2203b59aaeabd0144f92c55d94ab7cc341
IMG_3949.JPG,JPEG,5100683,5712,4284,,unavailable,ab73e70e3d138f1f4ec397fa2e1fbd77e1491c7322873a2335cf3b72592e4d9f
IMG_3950.JPG,JPEG,3733838,5712,4284,,unavailable,48790fef69501ef5d7c38c4428d6152cba78471523d49182cdaede5fa9fbc9de
IMG_3951.JPG,JPEG,3685160,5712,4284,,unavailable,e9b2677b868fa8137b4bb112a9e8ea35d4adfc160e1c5deb239be531d6b46043
IMG_3952.JPG,JPEG,3788592,5712,4284,,unavailable,4dfa1a1f7b103dfbac4143cb6daa59334b48dacde77310c9811a35d4ba985704
IMG_3953.JPG,JPEG,3449642,5712,4284,,unavailable,d66f63c3d3f990d0b13b552feb1803bf0c2c287e461e24c384d5142c5dc636be
IMG_3954.JPG,JPEG,3557501,5712,4284,,unavailable,a471f809a513fcb17b4bd5f5ea0e503bb2c4285a5360af782ae588a1cb613ba8
IMG_3955.JPG,JPEG,3694645,5712,4284,,unavailable,a652b8807ea180ba9dce216ba8761e324f5391504bf12157504dda81d54e3ad7
IMG_3956.JPG,JPEG,3588761,5712,4284,,unavailable,74f6d7156a1363a618eff0140582518fafd7882ca24ea94d556fd26b66e22d27
IMG_3957.JPG,JPEG,3503892,5712,4284,,unavailable,06d8877550cff7891d51729813a2c885c0f2dc1dc1112b694ade4d2ca2a47592
IMG_3958.JPG,JPEG,2189674,5712,4284,,unavailable,662187d315d9b960775e79daa9283bda30d085eb5eba0814eae54e9cf1961c8b
IMG_3959.JPG,JPEG,4384300,5712,4284,,unavailable,033fd248876d99282c5556cb5239fe5d0a4bd95a9012c53c42f23b9f780dcbbf
IMG_3960.JPG,JPEG,4450008,5712,4284,,unavailable,e50e1d1446080bd853386e8d711f1a9dcd1bc434e99b596d816d4e799edbfba9
IMG_3961.JPG,JPEG,2823535,5712,4284,,unavailable,97243de2302175ff98e85e0c956e7098a20cacc4c26c9bbe0651b42e15531d1a
IMG_3962.JPG,JPEG,2568052,5712,4284,,unavailable,d221f2fb4c7684f70762562e9939142f642a5acac6a400a68f284fc979f0f3a4
IMG_3963.JPG,JPEG,3103809,4284,5712,,unavailable,c7b93180b4d1b2ba8ca2f4fcd44d5bc6486a42f87ae8fbb300cf1e0c04593ae2
IMG_3964.JPG,JPEG,2455437,5712,4284,,unavailable,f5660f6419954516d1901c3ca517d2c382c4dcf2e88fe8b5bcc976cc6c31a39b
IMG_3966.JPG,JPEG,3580790,5712,4284,,unavailable,c1e9ec8ecc457937b49fa4ace71adf7ec7325e9397fffe9788975328a35cf0a9
IMG_3967.JPG,JPEG,1188838,4032,3024,,unavailable,df14d5d5c167ff0761a43fce162431ed04e1127514168f5d67c6a7a0397cb5ad
IMG_3968.JPG,JPEG,2706032,5712,4284,,unavailable,94eb7a05c04575c100b93a2eccbdd50f64ff87c6d2111d76eb23e4e5afd8bb62
IMG_3969.JPG,JPEG,4415424,5712,4284,,unavailable,2013a6eb09dbf466c8684baaddff744f1baac26376594879f599d3433662bff2
IMG_3970.JPG,JPEG,1208852,4032,3024,,unavailable,7cd4efe8f443bcbe8e6262d799e905b9fb274e513f5ce2f102022a4c0fc4a3da
IMG_3971.JPG,JPEG,3139158,5712,4284,,unavailable,eb9b79dc0894c067a2178a4f21a895b0af215b00273d093d13edc97d928a3e8d
IMG_3972.JPG,JPEG,4710942,5712,4284,,unavailable,22dcf34422f87c35061d7f0fb864e13684703cdc110873bf28612d9e28a7970f
IMG_3973.JPG,JPEG,5157358,5712,4284,,unavailable,e9868049c1b32b1a7de9373a3ca3cb07e209c1f8acf68a8ac0b3517d3ab6a3f0
IMG_3974.JPG,JPEG,4817778,5712,4284,,unavailable,12ea831a39e7115632fee070febc9e8f67cde949a7ee5173a9d984c8a339c2fb
IMG_3975.JPG,JPEG,4743208,5712,4284,,unavailable,c2162f07165d758c30c87552ae9adff94844635c221a14af2979bdde715f0dbc
IMG_3976.JPG,JPEG,4272141,5712,4284,,unavailable,163a73946510e7b5dc0bfb6a5d8334c5d391cdcfa2e6c1f94721a62ea5a3b7d9
IMG_3977.JPG,JPEG,4713672,5712,4284,,unavailable,0db2a0debc6cca769c642e62752899b2e8ed894517f9e6aef683c825f10d6050
IMG_3978.JPG,JPEG,4096670,5712,4284,,unavailable,7ebfd328a15a8af8aec27ed2ec5d27555cf6deb1720ee1e87b4f95a3f78834cf
IMG_3979.JPG,JPEG,4883776,5712,4284,,unavailable,4e95537ee4806a0988fdc8e879adf41a5e24392ebbe3af4ba914f4eaf3ed711a
IMG_3980.JPG,JPEG,4882572,5712,4284,,unavailable,1d6e474928cb0e02f451b55c77a6a1fee95cd229cfbc54a3c20de6edc19af5d6
IMG_3981.JPG,JPEG,3654293,5712,4284,,unavailable,d6f94c0655325721300305e1eda60b43dfb17b31a8c8b23b4612a76c68b84400
IMG_3982.JPG,JPEG,5587605,5712,4284,,unavailable,f8cd96b42c56a80cff0805a957b38b1a0445805dfc35bfa2cd8cde2a8b130de6
IMG_3983.JPG,JPEG,3571109,5712,4284,,unavailable,8f6400d618bdb49be32bc295e8d962b64bb610a884e43bd627fa95f09ab39cfd
IMG_3984.JPG,JPEG,1911146,4032,3024,,unavailable,fe839a667182713ddf6e2be465a8b6a054a8227b685aebe6573065576763c1d4
IMG_3985.JPG,JPEG,4241520,5712,4284,,unavailable,1839fc34c808a8c83656c4b1b13cfd8e2a1c3b79094c70f038ff6f35d871daa0
IMG_3986.JPG,JPEG,5044377,5712,4284,,unavailable,a92b51d17c53b033efb3ba940dd35cc7d7365bc626f11ead0e9c4ffb4e1de1fc
IMG_3987.JPG,JPEG,3870100,5712,4284,,unavailable,53bb2f29ba60128ab3e9a75e2c4c890f6f316b0fb6ae8698f5715b36becf5ca6
IMG_3988.JPG,JPEG,7567272,5712,4284,,unavailable,c36d3457dbba5338b4f911b49b394cd85a580c07cb2f328df7446eb7ee4131be
IMG_3989.JPG,JPEG,5967057,5712,4284,,unavailable,9c53be92bc85ec233017dbcb8e2d4eb8cf6b73875266d6188f950942f4d56969
IMG_3990.JPG,JPEG,6561770,5712,4284,,unavailable,963366ce5ae5813f6c854ffc6aa8fe8f3cb1d8adaf7d0fb77e8ebaddac58d4c7
IMG_3991.JPG,JPEG,5225219,5712,4284,,unavailable,8be1e223e0e7063b97d049b1ebb4e3d809852bde1783d984ae3819c3f578ab59
IMG_3992.JPG,JPEG,3119644,5712,4284,,unavailable,a0a42430b6421c69fed2f54fba826ca33f59485ab6facbbd1afa97f0ae5678f3
IMG_3993.JPG,JPEG,4008726,5712,4284,,unavailable,862659d6304544ea54c918332579be3d95a02302150ef0a861c7e59b92078294
IMG_3994.JPG,JPEG,3852813,5712,4284,,unavailable,99503ab9ebd8492ac561d847a03046dfe2944d0b598d0da32ba8e0b703d83dbe
IMG_3995.JPG,JPEG,8931302,5712,4284,,unavailable,85eabb3c5009e61cb54b1eea4eb613444dcab8e6eb29353f8bdbe9c81439b094
IMG_3996.JPG,JPEG,5627504,5712,4284,,unavailable,d5492cd0b01930398c5527d2c0f881b4bb2bf01442e7e310a7849741fe553ece
IMG_3997.JPG,JPEG,6084508,5712,4284,,unavailable,7dd96fc68b5b65cf223b8ecba0e269d7fea0c0124f97a8338d4212419b92add5
IMG_3998.JPG,JPEG,2391053,4032,3024,,unavailable,32effaf9c0b7fbe3c348eca51bfb71b64b08614b3a1b97bb2c78889d3e398fcf
IMG_3999.MOV,MOV,46843153,1920,1080,2026-07-13T00:29:17.000000Z,ffprobe:creation_time,9bacf516115db36896a94c83486772923bbaaf3d0dfdd8c4283c2092e939c964
IMG_4001.JPG,JPEG,6204491,5712,4284,,unavailable,c82114edab645c17bb5f4a4268ee0ae8c808ce36ce95498a2738aaa0fa6c11e9
IMG_4002.JPG,JPEG,4541957,5712,4284,,unavailable,f452d2c5077124d8e09eba0bcd082f746dd4b2ad918d9adbbdeb2e6ca1802686
IMG_4003.JPG,JPEG,4315972,5712,4284,,unavailable,3bd5ba79dcb774e8125131dc1de1baef6c105773d30c36bc72c6e44910ea7d48
IMG_4004.JPG,JPEG,4010546,5712,4284,,unavailable,cee055f67d04f37a7388ac4027dca7e2c83567a901ad8cdd0f793375e82840b0
IMG_4005.JPG,JPEG,3957938,5712,4284,,unavailable,4335e3a41fa373724b7e5c533d00bcbea6966bf16adc649835b9d6e129af3143
IMG_4006.JPG,JPEG,4131455,5712,4284,,unavailable,dbb57855478638be106bb31370cf7417b5f472b6ae2e8a566b2ca1fed1fe1c15
IMG_4007.JPG,JPEG,4171324,5712,4284,,unavailable,f1a02b289a45ebe7529d88637a80f3d5685de8d3d83ac0873ec7f6bbe9f2ce54
IMG_4008.JPG,JPEG,4127349,5712,4284,,unavailable,6ce8d7482bb0169479f81a3fb340275f72adf391a6447089e0dca5c0a66eeedd
IMG_4009.JPG,JPEG,4527550,5712,4284,,unavailable,b09d389a9e96c47764203ec8bb8f65005512707b9dbe29604ebf0654e105bd79
IMG_4010.JPG,JPEG,4252280,5712,4284,,unavailable,4b249b463c6818c39a16ca08716aaec631e4f89f3d2cf18831055c926f69796e
IMG_4011.JPG,JPEG,3640657,5712,4284,,unavailable,f39869dd0e23321892ce59df32ada3ecf83f2add33a2584e37aba3e9d83b5201
IMG_4012.JPG,JPEG,4717506,5712,4284,,unavailable,6576c42a82a728106ae6e4b8e652210a11f20c92bb2decec11a85e8cdbf84637
IMG_4013.JPG,JPEG,3638555,5712,4284,,unavailable,a7100c1179baa65a23cf31abf17a70c7dd26853514a6c58f7a27fabc960e6aa7
IMG_4014.JPG,JPEG,3125767,5712,4284,,unavailable,e4f6b517fb8da3d5595f1458ce0300beffee6bfcf010f07851825a8503b2f982
IMG_4015.JPG,JPEG,4283260,5712,4284,,unavailable,2420c47b045d5563721dccac7aebf6d06f709eb61eabebb0cc12038842ac1074
IMG_4016.JPG,JPEG,5299652,5712,4284,,unavailable,708a2e9acd6b48cf100605888a9fe5be0451fdd24293c26cb4c523e7ed1f200a
IMG_4017.JPG,JPEG,5355050,5712,4284,,unavailable,19442917e8c58ba37e34f97fff9f9f0bf9ee66359b064628942ed65c1c597a18
IMG_4018.JPG,JPEG,4107858,5712,4284,,unavailable,55461ffac994639dfc84aa4e9e27e3785ee3e2cea50c1a05dfe2acb9855fc3b8
IMG_4019.JPG,JPEG,5986171,5712,4284,,unavailable,eefc5e29f5012769afb2d74e9d00c9462370538df0d9e8c81f2f5f2e7739cca1
IMG_4020.JPG,JPEG,7270481,5712,4284,,unavailable,ed047b6eef1dac04e9cb9b313248bccd1a775b2961ecf660c00393227603a6c7
IMG_4021.JPG,JPEG,6274647,5712,4284,,unavailable,834f6e95cccd1938cd4712a718a0a53c1702cf6d96f88f1d2555574b79e04e4e
IMG_4022.JPG,JPEG,6722501,5712,4284,,unavailable,08034e0f72b8f271e0304eebf7f1d0c506847c324b8c3574bd3b71dd0838b314
IMG_4023.JPG,JPEG,6824444,5712,4284,,unavailable,f19c3479428c73a43ea8c29ab94b803c9a9718ce437c92f179bdd3ead68040d1
IMG_4024.JPG,JPEG,5216771,5712,4284,,unavailable,cb2aeb9547191e7a076e653167fde28b770cf1201fb0ca077e262147d143d8b8
IMG_4025.JPG,JPEG,3221355,5712,4284,,unavailable,62a730dd7cf0352d716a8071a93efd3905d612ed270dd13e422ded25dc286592
IMG_4026.JPG,JPEG,2874107,5712,4284,,unavailable,03204b4dbe2380405c2dbedcab25df7c7c5b73e2fa9ef3bbe2c6be62ecbbf4b7
IMG_4027.JPG,JPEG,4266804,5712,4284,,unavailable,c9c6333c700dca48f4beb1047e09865ce456e57c3faddc882c42b751739a0d66
IMG_4028.JPG,JPEG,3992457,5712,4284,,unavailable,6f03cfbb3082a50f7bdae37b9b1b176f942aca91a0c243d0f30eac2259e4da54
IMG_4029.JPG,JPEG,3728846,5712,4284,,unavailable,b886dc81a2d0368ddeb72a6f355d32b75cdc36f1fd5ce781303f3b273fc532ff
IMG_4030.JPG,JPEG,2665482,5712,4284,,unavailable,968c49288c2882d63df3bb75db0d0aa108a20690f17686d4f92f369fec3c253e
IMG_4031.JPG,JPEG,3997323,5712,4284,,unavailable,e74abc5739954cc1a1afaa66190d19a6f6cafbbe4b2ec67bf44dd9ad699265c9
IMG_4032.JPG,JPEG,5032265,5712,4284,,unavailable,1d5235a550d8c89fa2bb1f6c9ae930177ea98a44cad86b80133790edd2d88399
IMG_4033.JPG,JPEG,2245572,5712,4284,,unavailable,9ed5ca1b49426cdade8bc194868d681e15813a8056bced9f35a11ea97ff9822a
IMG_4034.JPG,JPEG,3564913,5712,4284,,unavailable,bf176c24eaebe83c0c47c3f0295c9918d6397778e9a2ad5d1c2357b039928428
IMG_4035.JPG,JPEG,3252735,5712,4284,,unavailable,2b4cb12872a04c6fd44343e0a5208e1d91e59fa665290c9b43a71693a3efe6c5
IMG_4036.JPG,JPEG,4194758,5712,4284,,unavailable,a8ae5a55f58bd15028abbb11d5e2e640b5babbf796d7ec2409369fe813159cc2
IMG_4037.JPG,JPEG,4246924,5712,4284,,unavailable,0a59ca65942769b639c423375a26bff9174aa371b52ceedec78a41b9ef26fb9d
IMG_4038.JPG,JPEG,4164682,5712,4284,,unavailable,92df215fae7be2a2034fc8272e892adba8d46869995f7f61e8b5049583e6a957
IMG_4039.JPG,JPEG,4448209,5712,4284,,unavailable,952bdff2b7c9b5843a37d46a6cc0edcc5f505266bf453d839745a775680fbd1e
IMG_4040.JPG,JPEG,4312254,4192,3144,,unavailable,79bd3ecd34c5b760aafee1aa86c471f29242826978b72b4a6b87d7be0e5d25ae
IMG_4041.JPG,JPEG,5456866,5712,4284,,unavailable,f128f19ab3bc5676af793bdd3611e90cf8ef093a9b0e09d1560a715040e44a62
IMG_4042.JPG,JPEG,6190382,5712,4284,,unavailable,7a76d8d21056349c0c4d13791d38700dd8a5a5b2fadb015edd07e7d9ab19f848
IMG_4043.JPG,JPEG,5205238,5712,4284,,unavailable,4ef97ba74d65aa587af3cfe1a246b1796a96f1b92b5f0c9b2dfdb2225338f071
IMG_4044.JPG,JPEG,4304004,5712,4284,,unavailable,a68ca38f09f674d906d7c7658d613e524513db8a4844807f78b702dd8fd54484
IMG_4045.JPG,JPEG,5316627,5712,4284,,unavailable,7c8115c7910fe9c929b555ec48662d24e1f33a5423cf60ec0c528ee0747e5b80
IMG_4046.JPG,JPEG,4536101,5712,4284,,unavailable,f79e0363f9e356b2ccb3ebef780c8d3542d41aaf240c170ddb927260a1e08f8a
IMG_4047.JPG,JPEG,4808570,5712,4284,,unavailable,99c33a55380f00f905c11ec3247b8c68929fbc2e60d3a6e714379d974cbaf07b
IMG_4048.JPG,JPEG,3773854,5712,4284,,unavailable,1bc691ff8ae43ad3e569061272ed3adbbf228f627ab161fa287d8e65ae57553d
IMG_4049.JPG,JPEG,2726675,5712,4284,,unavailable,1ff855dd95aec221f7291c645f81b3ebcf82baea45140c0f45aec97e48410ffd
IMG_4050.JPG,JPEG,4671884,5712,4284,,unavailable,041d3923d2eddd9beeb459e95fecbb265333659aa119fcbee6498ffae9f0b68c
IMG_4051.JPG,JPEG,4000282,5712,4284,,unavailable,2a637f0282cef1b14bcadad4ffdaa291a4a9c0fd1923630db7993f2d84363a49
IMG_4052.JPG,JPEG,5421922,5712,4284,,unavailable,b73d3dc92d52eb09cd67257a7c1206e95892ab05a1226aead8c17b6fe87e384d
IMG_4053.JPG,JPEG,5448088,5712,4284,,unavailable,a1e35ebcbfc2108bfe5e00a6b7653ef024cea4ed6daa17949dba525034eafd50
IMG_4054.JPG,JPEG,3134581,5712,4284,,unavailable,527a6b75f4cee8156189a2ef482f46e3b16dd2f73d65fd19779bfc3789fc1744
IMG_4055.JPG,JPEG,3830932,5712,4284,,unavailable,473577fe927910c7bd41d80dee8788bc53dc0f239d12a3a71f2cfbfbecbd24c7
IMG_4056.JPG,JPEG,4570503,5712,4284,,unavailable,1c6e5f332ce6a32517cc430cf924dda27d6ae2cca1ca9ac5b34ff5443ba52f45
IMG_4057.JPG,JPEG,4891459,5712,4284,,unavailable,6ff234b99cce0edbdffcd88c1360f27f0cc784a9c57c5199311f82184249ff2c
IMG_4058.JPG,JPEG,3145099,5712,4284,,unavailable,cfc641642d0b22314c4485a738068e3be2decfdc9877529abddcc43cc74f61a4
IMG_4059.JPG,JPEG,3628494,5712,4284,,unavailable,0cf395b81731bb573c4a4de705b7403b7b2df0111ee23c8aeb368586ae91b99e
IMG_4060.JPG,JPEG,3197394,3672,4896,,unavailable,9d2b84497b9278079854166b97ad020f25ce822009a82da624d26beabf9a62bc
IMG_4061.JPG,JPEG,3061253,3672,4896,,unavailable,baa7d9b6579a77b7f9b37db5b9a702fb31822dfde7141dafa473a82892e0ac46
IMG_4062.JPG,JPEG,4890838,5712,4284,,unavailable,94346cf89880a170ddbebd3b44f73ce6c226517ad9f54e9b5234642260a40141
IMG_4063.JPG,JPEG,3799355,5712,4284,,unavailable,00028cefff97454370ddec4396f7b2f01d307bb3819c9647488b540bff40b0e8
IMG_4064.JPG,JPEG,2228395,5712,4284,,unavailable,863edc38c2442aceeb711640b3344c1139bc57bd079e8f05adf51b29745b7e50
IMG_4065.JPG,JPEG,1155018,4032,3024,,unavailable,cfd3c1df820bf7b161995e03ba14a2fd0565dab8152e2d05098b5c5896dedf42
IMG_4066.JPG,JPEG,1590692,5712,4284,,unavailable,d5519b06e29429dfe83fc2b59a22fa0961da07a4fbf75e29a988ac0209ca5760
IMG_4067.JPG,JPEG,4096708,5712,4284,,unavailable,f1d3f5ebcf25fac598d18d19c4b03e618ab9db8d9b3a0cef41945e5b2b076833
IMG_4068.JPG,JPEG,6797239,5712,4284,,unavailable,1a4be54f993b23121438894a6811f0d4e6dcbd9ebbc5dd8685cab9ac68d67bf5
IMG_4069.JPG,JPEG,2979612,4032,3024,,unavailable,adb81b853cc6850074e519566e4916e692c071790afe40dcf2869aa0de36f363
IMG_4070.JPG,JPEG,5422202,5712,4284,,unavailable,e881b600f4f75cfd76ba0781eba0bec8595ca810b3777d20494cab9139fb818c
IMG_4071.JPG,JPEG,5496631,5712,4284,,unavailable,033ed1cde60be9c80210a3ec800efa20272b91bc4772beb93a4071accac544f5
IMG_4072.JPG,JPEG,3089624,5712,4284,,unavailable,ea60fd3a43221aa01b4c2d13573fa2c7c9f0a02bc6fa87d53befe4efe89e4ac8
IMG_4073.JPG,JPEG,1208068,4032,3024,,unavailable,22e01ce555bcd10da8260b0e4db96a8ddbbc446e08474aeb095a11b4fa74c71f
IMG_4074.JPG,JPEG,4861194,5712,4284,,unavailable,f42a18f5c9b201da595b5264d458d1aca13f1386d7ddc0929c207505e6ae7492
IMG_4075.JPG,JPEG,1777086,4032,3024,,unavailable,5573aa7df953729b1f1491870067a0153b20c8def7f95ce05a09056fb2866b07
IMG_4076.JPG,JPEG,4608570,5712,4284,,unavailable,6f1b93994514c889419d3a1817042382f3b9b61ad7c28929ae88d6857d80dcec
IMG_4077.JPG,JPEG,5064184,5712,4284,,unavailable,5db26ae15c21a470b305501db04cb0c2177707464a8e020f356579944323a4fa
IMG_4078.JPG,JPEG,6972526,5712,4284,,unavailable,955920fec9a29a91e6af89532a8507d6ea34b5abd39329bdd40cf23a2ddac48a
IMG_4079.JPG,JPEG,7344978,5712,4284,,unavailable,660c5fab0f8fba105b46a67e5b2b04d84018e8bdb683c84269edfc8df31572f0
IMG_4080.JPG,JPEG,7143979,5712,4284,,unavailable,08f848e6ee51c197daab2b9cfbc88b050f13a25f4f7d3a40ff543a235553e6f1
IMG_4081.JPG,JPEG,5005722,5712,4284,,unavailable,33da306589b15a910a3ffc9eaf9303e1977a8ed85981700db7686e9995e1aff9
IMG_4082.JPG,JPEG,5523833,5712,4284,,unavailable,2025d68ed53378fe750afd0de7e2580a3cb0f8ee3ad19d4c9b8f37f290424dca
IMG_4083.JPG,JPEG,7185626,5712,4284,,unavailable,0e59015d2277ed139d8b84797411f707a1bc16bfa14630c726831a9cefbba87d
IMG_4084.JPG,JPEG,7222228,5712,4284,,unavailable,e6c1637e049977b40307256911fd0b70154bcc0cac0c1d739ab823db282c9c3d
IMG_4085.JPG,JPEG,5093155,5712,4284,,unavailable,2eafdcc9c1a39edff16dd3d2747e57feaa4c366baaf5d5c658e60ce84eed13d8
IMG_4086.JPG,JPEG,8104087,5712,4284,,unavailable,cf99a1b212e2ba6f0bc8eaf2f799753913f347bed3bfd74c8f688bc662b607b3
IMG_4087.JPG,JPEG,8649544,5712,4284,,unavailable,dd21721f34d5acbeb896615817eb3c87594ddb64a5d22b3968ef6c475f66f032
IMG_4088.JPG,JPEG,4483948,5712,4284,,unavailable,8ed090901eafae7e5473854f4f18cc2d8107024da57bf93bf2cb4923bbba9469
IMG_4089.JPG,JPEG,3971641,5712,4284,,unavailable,47acbaea93465d4775941b72df25ea4aaf922610296860d867ea92dac52a33d0
IMG_4090.JPG,JPEG,3848248,5712,4284,,unavailable,eb36bb2f19c9875d35558ea390a987f528027b4510b5cca4a7bb18b8e2e8b9cf
IMG_4091.JPG,JPEG,5215135,5712,4284,,unavailable,a213415afde0c35878fb1b92a288200c59e61845adceff2de580539213c8a20b
IMG_4092.JPG,JPEG,5994971,5712,4284,,unavailable,7b8b0d968475205cb771bbae655a284ce6761cf365c22c41f9b991425c3e4485
IMG_4093.JPG,JPEG,5207857,5712,4284,,unavailable,44c750ca491e771b696f7b2c4867c0a294d70199f5ab9b0b36f138ff252af8a8
IMG_4094.JPG,JPEG,3534609,5712,4284,,unavailable,6296d91675508e749073d2eb76c77926e180a36c6a9039d46969ad579c286e80
IMG_4095.JPG,JPEG,4742625,5712,4284,,unavailable,da1e7ad4553be112d83c42b8c882f9e65007df9b49a98cc7a7532978dbed5269
IMG_4097.JPG,JPEG,5888891,5712,4284,,unavailable,adf9f90096ec88038cd38c9800d0620f07117fce0d3bf1acae3c42264767fab7
IMG_4098.JPG,JPEG,3773754,5712,4284,,unavailable,2c166fc613031f8da8e80c87effeb0dfbf298fb7c90b311c3ff74fcec08666ae
IMG_4099.JPG,JPEG,3700582,5712,4284,,unavailable,da0c9b873aad4e322bae6cf9927f5bae8cd7ad5f130cb83466b4916f78ca36b4
IMG_4100.JPG,JPEG,3790571,5712,4284,,unavailable,15f90c9095c66fedd2f76de6569af8dba77f14240afcf68745a20f491ae6181f
IMG_4101.JPG,JPEG,3068686,5712,4284,,unavailable,7ef30223b22ee5089fa11d58e55b654f9d5c508323181e93266265c6ae16f6a6
IMG_4102.JPG,JPEG,1487613,4032,3024,,unavailable,eb78f329b4f8a473856dc0ca36c67ae9dbcfd623a48694a9963c298314bc36f9
IMG_4103.JPG,JPEG,1407440,4032,3024,,unavailable,a5f178a1bb10612155f0381ef04ddd90e14f85e17b1c76affb51839b44a49406
IMG_4104.JPG,JPEG,1188817,4032,3024,,unavailable,384b1a21ba094097c4659effcc23d569ce35780e0d05089b7f61a6b6b4be2157
IMG_4105.JPG,JPEG,1111466,4032,3024,,unavailable,b17fe54c6228f1e89e0c98dfcfa07d8efbe7b2b723310d52c06653e6d2760dd9
IMG_4106.JPG,JPEG,2620042,4284,5712,,unavailable,78ed8d18f0f18cb1685f98ba837bb41f6175a7c7ff5ae448c493f5b3c73f5005
IMG_4107.JPG,JPEG,1183411,4032,3024,,unavailable,366cc1903a83cf12b382b73d6600ed525c5e9405d1f631c45684efae46dbc329
IMG_4108.JPG,JPEG,1141407,4032,3024,,unavailable,ee289ce7d9ee8c2b44c4efb7cca4910d5d2ce09e84795af96f71880e76610986
IMG_4109.JPG,JPEG,1390573,4032,3024,,unavailable,7ecbdaac928baa10949fb6c35825b9b62ad4e8c319c9e9374f5613de099b004d
IMG_4110.JPG,JPEG,1340270,4032,3024,,unavailable,ab9ca50f250b7f5913fd5ac29e432e5514bcead330ebdc8dbc5cc6c84b45bd5f
IMG_4111.JPG,JPEG,2464900,4284,5712,,unavailable,c9ffa2d65cc0040a95e3d489c6edd67a692c31995249c67b30825dfee501f03c
IMG_4112.JPG,JPEG,2349705,4284,5712,,unavailable,0eb20d90138dc5b633bfde71ce7026a9891ca90d55cbcbd3c7022929c7e4c5dd
IMG_4113.JPG,JPEG,2647782,4284,5712,,unavailable,bd2ae514c27f6909c92bf1e285465fbb98563ad0b32b6aa3451ac07907776324
IMG_4114.JPG,JPEG,3046871,5712,4284,,unavailable,10cdd689e7cfd897e3c8dde2724bddb15767aef6849ef4fe6bc72faa68583e64
IMG_4115.JPG,JPEG,3245195,5712,4284,,unavailable,d4790f4e8b36ac3f193b4c240162e51a27cd7eb804d1e1d4c4cae1f08d37128e
IMG_4116.JPG,JPEG,3434330,5712,4284,,unavailable,87b07df1316a590ae606cac2bc6011198e020561497b851cd5e5387d25b96eba
IMG_4117.JPG,JPEG,3323627,5712,4284,,unavailable,af99eaee63e50345049d246860e1482e8e53d0b9659ae4ebacc367d06b91f8ea
IMG_4118.JPG,JPEG,3525507,5712,4284,,unavailable,127e2ce38ab7edd28f59edd56982468ecc71186f4ee28957787c5c3651b282f1
IMG_4119.JPG,JPEG,3874964,5712,4284,,unavailable,4db9d7035138e0b2742d870734ddc996710fc693c209b7d0d832f33f30a28759
IMG_4120.JPG,JPEG,3772905,5712,4284,,unavailable,ae5b68ac198d2912925fe2d3b327c1d69a6f59d37c7d078dac44bb73ced4eef4
IMG_4121.JPG,JPEG,4032364,5712,4284,,unavailable,10d22c23b170e1cf9f629c278ad29ca3f5621f987ea9ae6f329c5427fa42e26f
IMG_4122.JPG,JPEG,4483379,5712,4284,,unavailable,ad6a4ef28c193d8e0c1639f17af1e9c1318cc31ee6575961dffb98436ef22903
IMG_4123.JPG,JPEG,4707074,5712,4284,,unavailable,267e6aa5f97e134871ad73a4a4c1d64c37bff65d5ff008686828d3c413bbd77b
IMG_4124.JPG,JPEG,3049077,5712,4284,,unavailable,ba7508ffbee41b8be851e346cd9e752d40cede44c713c55bdf7a6555ec9dd24b
IMG_4125.JPG,JPEG,4466366,5712,4284,,unavailable,4c498eae31d56eb3aac7934b29709eec0cbe9174052d958973ddbc2e1aa358de
IMG_4126.JPG,JPEG,7082182,5712,4284,,unavailable,156b02c58643c96a7e02ebe4a798fdfd9ba0147dbe5fd8a137a89dfff97006de
IMG_4127.JPG,JPEG,7196974,5712,4284,,unavailable,e9387ce2161692f357ed10807c3a3deb8525b4ac05c9eb242d9f4a6f7e5b5551
IMG_4128.JPG,JPEG,6091689,5712,4284,,unavailable,9527b058923035c6c077ba8c36efd4ac713fdae2ab52751ac0a19689cd4d38a4
IMG_4130.JPG,JPEG,2029378,4032,3024,,unavailable,b7c3e9efca909aa410e1032fa015427b10e0b7dcd027d655a392396b7976e3fb
IMG_4131.JPG,JPEG,1978193,4032,3024,,unavailable,a1206a8080e4adecc4e6527d224aab4442051403a7d0c84350e2207735eaf50c
IMG_4132.JPG,JPEG,2139886,4032,3024,,unavailable,ff1562be4d43c63e07bbfabe4bd098debf010790e4e7370d9669a938449aaa8b
IMG_4133.JPG,JPEG,2080784,4032,3024,,unavailable,09eb2583905a569cacd671cfdbe1481598fcf8fb7dc2e7580360e51f438ec203
IMG_4134.JPG,JPEG,5328374,5712,4284,,unavailable,afcdf7ca7a5a5ed479842567d5f46e53e59ee6bbd07447d9e1fc6e42f050e71e
IMG_4135.JPG,JPEG,4678859,5712,4284,,unavailable,5d3f0bba7652751acef203bc08b0b7ff9b1f1eed41426a87a0db76a42bb2ed47
IMG_4136.JPG,JPEG,4760483,5712,4284,,unavailable,031eb499233ca359c7b7d4a8bee4369d8319d5c02d24ff5194045d1f78af1c70
IMG_4137.JPG,JPEG,5076611,5712,4284,,unavailable,550268a69574ae16120f6153c58423cd9a65d48f35f1593c9afe32be6ebf7b58
IMG_4138.JPG,JPEG,5112583,5712,4284,,unavailable,a88b527ab9fe5bf66b51219ac1475a12a2cad1778bdd888f7886e738309b4b1c
IMG_4139.JPG,JPEG,4631231,5712,4284,,unavailable,ef97a8f815b816edf843b8b0466601d1ac45adfb0b6eb00a06e3b2b354f9267c
IMG_4140.JPG,JPEG,5477839,5712,4284,,unavailable,b5ce86ab152e88f60f7b4b9c52d5fb136ea91a617ba2ea6f1e8fde46c1aa473e
IMG_4141.JPG,JPEG,3797136,5712,4284,,unavailable,bfd58ebe59fa666b4c0f9332559dafb315bbd69bd3f6c3b150ea88ef99e2dc8f
IMG_4142.JPG,JPEG,6051059,5712,4284,,unavailable,eb175c8d447d64218fb3b272fea263af1713d2d768ad9a56b6400c782bca81e8
IMG_4143.JPG,JPEG,4369882,5712,4284,,unavailable,afe4426ebd7c6bc63e83d0d76a74ae5282138c59b2c9453c090249b66f585ea9
IMG_4144.JPG,JPEG,3865691,5712,4284,,unavailable,823e3342e007dd075a19ab5d7641127ba0b61caee0b3ae6a51940a09abcd2488
IMG_4145.JPG,JPEG,4862664,5712,4284,,unavailable,622747a956fd074c22516495319aaea87f5c8334a1477dda95f572cb1ff8b42f
IMG_4146.JPG,JPEG,4700165,5712,4284,,unavailable,6bd7dc2a848ce3e0df4cf065d2b89ce552b45201bd8a5e98f2d91df46ba3100e
IMG_4147.JPG,JPEG,5297314,5712,4284,,unavailable,5aaf99c638d0b507284cce304d2ea21f06563b7dc35f96fd97a5c83a3e50c281
IMG_4148.JPG,JPEG,6737071,5712,4284,,unavailable,76412a40f6dac8785f770a0536392fba1ccd9eaea077906386305c050ee617f2
IMG_4149.JPG,JPEG,13160161,10372,3936,,unavailable,ec06a0b2ef323895bf8a37bae75dd20ffdd6e5d8caeab75e0b50416c12376e2b
IMG_4150.JPG,JPEG,5652002,5712,4284,,unavailable,8ea9fdcc5cee8ddde534963617790339801ce1dbeb74fea9d88ac3cdefc6d2a7
IMG_4151.JPG,JPEG,5781649,5712,4284,,unavailable,738bbb7b03b24b36489a3923d6fd017793a6467667602bd31f513a25c066714f
IMG_4152.JPG,JPEG,6533863,5712,4284,,unavailable,648153c8044c9028be134d8bfa252febc42cca3028a2142ab3ec2e25940d0840
IMG_4153.JPG,JPEG,5771960,5712,4284,,unavailable,bf7bb4d6a36c4e94bda10cf4f70290fde103d39b2b11dd994baf4a7473c4c351
IMG_4154.JPG,JPEG,2102480,4032,3024,,unavailable,4d4a078facec4664c08957fa721c8812d504d842daf634569436a9d902de53b0
IMG_4155.JPG,JPEG,5252414,5712,4284,,unavailable,58e3a86685d29089c7bb17f54b946f2824175b86b16718e78c47c2acbef1d3c3
IMG_4156.JPG,JPEG,5655189,5712,4284,,unavailable,6c23a8e67a1487ce820498d6b67cefcf78baec7026687ee405c0466bf62ef979
IMG_4157.JPG,JPEG,5577329,5712,4284,,unavailable,01028ec8d2ee971aad0a5f27426fceacf00a9117e1ee8daf5b3212720870fff8
IMG_4158.JPG,JPEG,5988506,5712,4284,,unavailable,9a93d10d4697435d345d16542ad31f65de9ebcd78ad035ef285cd078b36cbc57
IMG_4159.JPG,JPEG,5254307,5712,4284,,unavailable,b096143fe054b6550772c7f2b6ca23ea51f4aca9600d1cc9c076178b4c9c13f2
IMG_4160.JPG,JPEG,5315234,5712,4284,,unavailable,185fb1f25058a4ae2c7d2bab78af6881798b9f2984e0ffad199bfbf5a4afb69f
IMG_4161.JPG,JPEG,11780022,13028,3882,,unavailable,524c3616f23b9e38915de22085ff3ff3b9f36ebba68f6e7f15b73bbc8c03b7a7
IMG_4162.JPG,JPEG,5381346,5712,4284,,unavailable,e1435ac568735650d218ac2c42d210a2ed10cdee09a31b678d7ca204f4c0960b
IMG_4163.JPG,JPEG,5992717,5712,4284,,unavailable,cd53b612c6585d25922f57c5ccea45c702a7223ce841decca7ea953d346864f4
IMG_4164.JPG,JPEG,6130509,5712,4284,,unavailable,2d082a92148e8822177b6eea81af6454a6d13130767e6fea8ddf80738f910674
IMG_4165.JPG,JPEG,6645231,5712,4284,,unavailable,2d632535ead7acb801a9b1e96d42e737b059bcf7c711547896ae8d5187ec8921
IMG_4166.JPG,JPEG,5303792,5712,4284,,unavailable,9b5a7cf5366053995f2f6980435c6a269c80f8529d4f6547cebf58000c603fb9
IMG_4167.JPG,JPEG,6306649,5712,4284,,unavailable,5cdd59fdac68a884b86de75e8e32c9238a5e6f7920ad2260f3306a1f7b7b18d3
IMG_4169.JPG,JPEG,5240415,5712,4284,,unavailable,06fff566bfb0fb2813a21ab923bdb8b277d0a2e1ee35bed7b8d638e109d93dbd
IMG_4170.JPG,JPEG,5250934,5712,4284,,unavailable,88036a87cdfd5bbfdf2a2212a3f9a45519d82c6c3f345bc27a46fc19dd74588a
IMG_4171.JPG,JPEG,3523089,5712,4284,,unavailable,d20c44feb47e4c239fb6f3f5a0ddc2ed41382daf80f9d0e9231363c829afe9e2
IMG_4172.JPG,JPEG,4449071,5712,4284,,unavailable,c606c4d7507e85094cf1e886aed5b1e7d20874ce884437b15c1dcef8bb12ed9a
IMG_4173.JPG,JPEG,5743737,5712,4284,,unavailable,908ef2a7bc905521a31daca53497e8abc1a1a24b6acd379aff7dee0ce459c464
IMG_4174.JPG,JPEG,6602574,5712,4284,,unavailable,d80c9d587ee505f881bd67939e1522d1ee7d432f18f405e8f3a13357c524ebbb
IMG_4175.JPG,JPEG,2648946,4032,3024,,unavailable,7bb54d94943d1535e9832a45616109763a8884aa712d5ceb6ad63d45dada956d
IMG_4176.JPG,JPEG,2235276,4032,3024,,unavailable,ce8eedf4857e5605ead93aa9fba0d41fbc64083fcb984a78943d947d1043f738
IMG_4177.JPG,JPEG,5904465,5712,4284,,unavailable,b8b5de31c9d5b9cc48bbf2853f23a8b74507103cc2b2cedba1cc24d0c659b797
IMG_4178.JPG,JPEG,5762702,5712,4284,,unavailable,2cd0bbf8b7ef21f616c6def2614725654899ee992d231657ff41c148fd772b74
IMG_4179.JPG,JPEG,6961029,5712,4284,,unavailable,85daa33efbd9ca8190c19421aa56b909e867af10da6c39c6156c2e879cab7b4f
IMG_4180.JPG,JPEG,6860911,5712,4284,,unavailable,3734495d169eee67d1f1548c3fe9559568cfa121a8200f538f8c2514100fedf3
IMG_4181.JPG,JPEG,6589389,5712,4284,,unavailable,f4ce0f1a5987610da12c6ba2fc2c52a86dd013f3612c153b54f74047fb72862a
IMG_4182.JPG,JPEG,5144075,5712,4284,,unavailable,37046965820a6bdbf7105d7f5ebb603cf58bd9e3f01552f829471efc27e21700
IMG_4183.JPG,JPEG,5820537,5712,4284,,unavailable,e1d33c65b150046fbe8b9b4c4831ae5801a61539a6cb72f45e940f0c0a627980
IMG_4184.JPG,JPEG,4404092,5712,4284,,unavailable,565e2a0550cb3fdc698d300ec21a3ea6bc25faeb0686d8f51a6db1d5065b0b5e
IMG_4185.JPG,JPEG,5503413,5712,4284,,unavailable,1cafec64e2281019a0993cf6d6f37e9eb8909b1c1b148c3640c3cd67c033cc3a
IMG_4186.JPG,JPEG,6197701,5712,4284,,unavailable,952024aa0775ce419eca1baceac606e36d22eebae9ceb46f954b401205d5ee35
IMG_4187.JPG,JPEG,6726291,5712,4284,,unavailable,f89c25c9bc15d9e05c05156946a661dc29075e5175973380f6555dfc3b9d3a73
IMG_4188.JPG,JPEG,6760365,5712,4284,,unavailable,d7a1897159bdb1c0ec8fc2dbeb8c5d2688347b2b55d1988e17102a2170e6868d
IMG_4189.JPG,JPEG,6346817,5712,4284,,unavailable,f512a8f5588fa802c32c4330511f997ef417f93c815dbcf86b417b5beb4c3619
IMG_4190.JPG,JPEG,3356231,4032,3024,,unavailable,ac8ecce8fc878f0c682695de92a2e1f0d578e3508a05471da7cee0ec8d13a8f6
IMG_4191.JPG,JPEG,2731021,4032,3024,,unavailable,99e07cc453d377fe19883f84e2aefd2c533cef61a8908b330fbd19a4660332e4
IMG_4192.JPG,JPEG,4716235,5712,4284,,unavailable,983abfefd763619ab8eba64582bd897a24423cb271dcb8a0d86273a0f61e99cc
IMG_4193.JPG,JPEG,5647216,5712,4284,,unavailable,3aa21f48c66dc25a965e7772e98331c9547c850265ba2b4e5f0f70a1802f7fc7
IMG_4195.JPG,JPEG,5661590,5712,4284,,unavailable,a6b4d05d107b995f85f9477e63066fa26b4d2202bba69318cabeb1375370de51
IMG_4196.JPG,JPEG,5025817,5712,4284,,unavailable,0e1637dcc53b82d31f0429c60780bbab9c193acb582e64ce8a04db6fd8f28112
IMG_4197.JPG,JPEG,4957492,5712,4284,,unavailable,b40695c83da41c473ebdcff36f854d1e1262f7fb346b9777d78e00576caf8476
IMG_4198.JPG,JPEG,4934340,5712,4284,,unavailable,7c9ca4ce5aefe95fe343ab3c32c73feb06bac3a6f34af728a6638c7f78cab3b6
IMG_4199.JPG,JPEG,4531801,5712,4284,,unavailable,b3176da50a7c60dffb38fbe895e83680d69f1fb22f8df89ebfd435d6a9b51256
IMG_4200.JPG,JPEG,4934371,5712,4284,,unavailable,3f661062b64d000bd33212562c4dc28706207dc6710140e9255b082e25c7d1c6
IMG_4201.JPG,JPEG,4583343,5712,4284,,unavailable,a0ad96ce3bf45ffb541f075cace42ff721338b83943e5dec0d7ff5d73253285b
IMG_4202.JPG,JPEG,2781527,5712,4284,,unavailable,4162cd444f8110709798ab22d0842f35fe19ba8352cb764ae384008f03cf7be0
IMG_4203.JPG,JPEG,2495393,5712,4284,,unavailable,ee0a4a92c66dd658933bf40e0c2c7f10cf337c0ae5f460b5e0c3498d4f995adb
IMG_4204.JPG,JPEG,2519849,5712,4284,,unavailable,739204ab0dbe4f527cb6d285f167806220f13d5c21e071f9a2362fb9236c6d78
IMG_4205.JPG,JPEG,2571881,5712,4284,,unavailable,377077ee7267369a1fa2b4cf7b4240cc2fb18e3d4f7e762422aec635ee2064e6
IMG_4206.JPG,JPEG,2354215,5712,4284,,unavailable,b0862f542340b25c48372d6efef2e61f99d70ab37be1f4d5f15899690edeeb56
IMG_4207.JPG,JPEG,3104313,5712,4284,,unavailable,b8cb44ec1ea2a1d9d6454f60f6e6a4633fc3a957da096facf34eab2366b77a1f
IMG_4208.JPG,JPEG,2077452,5712,4284,,unavailable,89551534c17fcc3ef0ca2e5262da17928902a90669039467bb57ba8ba6341337
IMG_4209.JPG,JPEG,1292072,4032,3024,,unavailable,cb0f528ab605cad52c59355421770b3c9b646b122f4e47d849fdef6dbad6440d
IMG_4210.JPG,JPEG,1827658,4032,3024,,unavailable,ebdc35e65b6350abfc507686ec2eae738453541e41c134a845c3e7d1fd8de090
IMG_4211.JPG,JPEG,1345598,4032,3024,,unavailable,460ad53d15baa2e4dac9c8d4153d025e56cf70a738673cd37b74cd22b99ff040
IMG_4212.JPG,JPEG,1158034,3024,4032,,unavailable,85c74528a198d48bfe4c29a90814225a51c1c5b3ca824e12e2f610eb7efc8347
IMG_4213.JPG,JPEG,1199816,3024,4032,,unavailable,14f3cef3c5b3e95e7d16398af9d77935be41d8f3411f3ef75f1d3828958fb53f
IMG_4214.JPG,JPEG,4526231,5712,4284,,unavailable,00d22973a10db71f533201cdc9b1023fbe18c4906ba827d19cda80e14ffad22c
IMG_4215.JPG,JPEG,4725880,5712,4284,,unavailable,17ae0a59a39b3db1348d7349fef84e0e3d39a052903fde28a5468544f5bae232
IMG_4216.JPG,JPEG,4602304,5712,4284,,unavailable,612105143d9ec71deb286b569b3363a9307e54c31aaae174ed11b79c3bbc0491
IMG_4217.JPG,JPEG,5037905,5712,4284,,unavailable,c149a35a6295216f5f97b941b9dcdd0fc9b969c77b1aa0ead68c071ad8fbef60
IMG_4218.JPG,JPEG,4722736,5712,4284,,unavailable,438ebacc0fa2d9c615385731b5b233818674510cb847ef8f8e3d60ef1eae5c86
IMG_4219.JPG,JPEG,4444035,5712,4284,,unavailable,9a85e75ebc3d0b434a3186d54fc61cc7d0039038b5419abc478ba91be6503535
IMG_4220.JPG,JPEG,4933651,5712,4284,,unavailable,e67380c031ca775b852c74f50407b36140f1ce95d10e83297fe7adf07999cf86
IMG_4221.JPG,JPEG,5200244,5712,4284,,unavailable,bc7e006161e324a60a8e3f0c13f5d365b3871171832964374ec2624252dc2093
IMG_4222.JPG,JPEG,4748311,5712,4284,,unavailable,4e3c543633510d2162d2dd8027ad6d886abc8b7b9f18ee245ef27575db1a1b7b
IMG_4223.JPG,JPEG,4389757,5712,4284,,unavailable,fa51cdf9fd3fb61c8f8b192fb92142e4c5bf9cdebeb17e61f550ecea6b70a531
IMG_4224.JPG,JPEG,4563380,5712,4284,,unavailable,44ca4ab2558dc75b54a8d987fe241ae55d0f9748eea0168f2f2407649fb392c1
IMG_4225.JPG,JPEG,4527094,5712,4284,,unavailable,94c4537115e1568b3f3b98a689210d6eab06b9cdfae594f2a141f9c19448574d
IMG_4226.JPG,JPEG,3852572,5712,4284,,unavailable,aa5ad36d90bee0cf41506ec00bc3f195af14a7cc25223485d7529ddb143bf76d
IMG_4227.JPG,JPEG,4095618,5712,4284,,unavailable,87859e4f1cb929aff66dd1d9bc1f9be4c65730ab141b8ce1a7797b1be2ef2299
IMG_4228.JPG,JPEG,1265827,4032,3024,,unavailable,2407c0cd89234c4c282eefc17a98c868b2d437d1404c3bf9a72641ea13b3c7d1
IMG_4229.JPG,JPEG,1373298,4032,3024,,unavailable,6dfe3bd8905e02934f82bc35b969c8e3d28e4327e2d13e16dcf3262080680724
IMG_4230.JPG,JPEG,1338021,4032,3024,,unavailable,85400f1e56354da012844bf602c3417ad73ba9c0c4ddf7631ff46a8c4a3e1170
IMG_4231.JPG,JPEG,4790375,5712,4284,,unavailable,61724c93e7f277cf23a8a919ce516bb328f4f12023d786fc44210300c54c4403
IMG_4232.JPG,JPEG,2815298,5712,4284,,unavailable,c841b7c4cb3860b50d8b3a20ea46250a313cd4278a367594bfdce5cf0879474a
IMG_4233.JPG,JPEG,3854957,5712,4284,,unavailable,113d5a50391caae75858adff437470bb12d44d2715d77eb80821f54433b695cd
IMG_4234.JPG,JPEG,3750937,5712,4284,,unavailable,2b9b576e7be633dfe1aa4580edda2a3345926f95075323c2501038e9f6c7d656
IMG_4235.JPG,JPEG,4040745,5712,4284,,unavailable,4d2b92649be62f590596dc981128fe8e78b601613df60369280acbe9528f1254
IMG_4236.JPG,JPEG,1348325,4032,3024,,unavailable,dee9c2a76cbdc7670fadff2f1f3fc62b2be159380acd6c33577638ebc314fdac
IMG_4237.JPG,JPEG,1379964,4032,3024,,unavailable,44a8d3ee877c7e30d8b5087221643fafc96786fe0c2400977eee9af01eb71f1b
IMG_4238.JPG,JPEG,4557560,5712,4284,,unavailable,b56c53d8ab864e57be484adfefb12a5114480cc714f59b238e1f25b66d8067c1
IMG_4239.JPG,JPEG,4367518,5712,4284,,unavailable,4bcef23b6e06831f6ab1c3eb68a486d01444e98ea20d01060760691d92c1ffa1
IMG_4240.JPG,JPEG,4166094,5712,4284,,unavailable,cead2e6a0f3c0da7c42709b67b84a012a22c1269686f7e9908584a09fcd34250
IMG_4241.JPG,JPEG,4409482,5712,4284,,unavailable,c51cf48d8233a029c625f1ee305e5600f3b4328ec8ca27fff351935104329326
IMG_4242.JPG,JPEG,4625154,5712,4284,,unavailable,00a647e7e50ff29dc3c55f29d509535ff3c0d3cb4e87a12748294e351cc0223a
IMG_4243.JPG,JPEG,4229823,5712,4284,,unavailable,9627e4faa5d651545f5242bb331dbdbba3617774ff130de1898dd9f3c952e748
IMG_4244.JPG,JPEG,2089198,4032,3024,,unavailable,98241813523be005524b96ee57847f645b96bce9a3045004046210839a75ce9e
IMG_4245.JPG,JPEG,3831865,5712,4284,,unavailable,6b824ab2db27286e2344a47fe34a4e1c19d47acbddf6a92dc7e65ad6ce8548d0
IMG_4246.JPG,JPEG,3129730,5712,4284,,unavailable,266a9b5b402c373a4760b3c51aeaa8b29d1f4596c1eadc12efd914a04470cb48
IMG_4247.JPG,JPEG,1263856,4032,3024,,unavailable,9866387dd0663c4a99f586dd99ac740f4ef4bf5caa14e1779030d57b20a10ca3
IMG_4248.JPG,JPEG,1459001,4032,3024,,unavailable,191df771f8e53ce32bd8e553dbce2e4a9ca7f2ddd378b5bec85465feff54e672
IMG_4249.MOV,MOV,399231037,1920,1080,2026-07-14T04:00:32.000000Z,ffprobe:creation_time,6a4c073f6bebd4bb23a343b42033401bdf49deb0adaaf5d37833ab6d35b5e9bf
IMG_4250.JPG,JPEG,4153742,5712,4284,,unavailable,303ac5c3273455404c25df7cd48a76c4d484a2cd6524e4d8d453dca75acbe54f
IMG_4251.JPG,JPEG,2967809,3213,5712,,unavailable,8392e9ee62f54910a4e83682d1d49eb926c17ff67e56a7a586fc2d495983e11e
IMG_4252.JPG,JPEG,2326160,3213,5712,,unavailable,284ff05470a0290349f745fb72f3b01561218bc2d8d1824a3b5a08a10f5ea009
IMG_4253.JPG,JPEG,2784705,3213,5712,,unavailable,b71fd4d2f223b44c6f2b332bd0c4cddb3868015bffb331b773ec4f280cf91798
IMG_4254.JPG,JPEG,3295886,3213,5712,,unavailable,885de5767d7dd5ac67d7dab474edc6fe989e524d90810b493b8593809c6e170a
IMG_4255.JPG,JPEG,2973904,3213,5712,,unavailable,3142742757bc0723763e4dadf00e22c6453380e57e28dea056551c0a172461d6
IMG_4256.JPG,JPEG,2963432,3213,5712,,unavailable,fecbebf49ed9112ada0af0d69851d8f923a2da611c446e17c261703c2bba0bd9
IMG_4257.JPG,JPEG,2132140,3213,5712,,unavailable,7de8c5eaad3c3d3788f7b2d5e61a72cc5e753932c32147f2a4ff8bddcc7304ae
IMG_4258.JPG,JPEG,1681315,5712,3213,,unavailable,daa47108c3b89750e1e468ec96d220b6b477e73f1e016930af046a4026dd6c86
IMG_4259.JPG,JPEG,1853500,5712,3213,,unavailable,0a144e76e7a1691099d0361f46dcf457d368063d76f92da35a063b6da9463747
IMG_4260.JPG,JPEG,1770332,5712,3213,,unavailable,04a222300164b56866e40e39f8cc80decb09087bf953a5149e4a669eacc708b2
IMG_4261.JPG,JPEG,2739720,3213,5712,,unavailable,b1055b91c778469fa0a122044e5fc926634d610e504689d895b744949554b5aa
IMG_4262.JPG,JPEG,1277021,2268,4032,,unavailable,7ac5670d95f3bc29fcf2fac01248896f02780a5aa373f81bff7094182d004b24
IMG_4263.JPG,JPEG,2646198,3213,5712,,unavailable,9c63c87dddde52b4b13acdacd17a10db71d3782b4182c186bec8d1cef004b491
IMG_4264.PNG,PNG,1138913,1206,2622,,unavailable,875b57a17f44bae098903a6eb5ad52fc2ed8804022c06c3b54252686de232757
IMG_4265.JPG,JPEG,3182287,5712,3213,,unavailable,50e9b2b5d122dfc7dbc53f1ba0c4b2a1328fdb14824e6e4a1ec0d9637c4bca79
IMG_4266.JPG,JPEG,1063306,2268,4032,,unavailable,ccd11a3d6d10a1eb96880bf7cb59fcecdadf0dff9fe2896c896a50caa78e1a8e
IMG_4268.JPG,JPEG,3966333,3213,5712,,unavailable,f88ace0c28a4366627af59562623ea88c2f6fc803f1ce6ee140c448b3be14061
IMG_4269.JPG,JPEG,3726356,5712,3213,,unavailable,746bfa08d636d4717e4106f0eb1d09b868779b3e1c82e1c412704b992f6b4fec
IMG_4270.JPG,JPEG,2767294,5712,3213,,unavailable,b44222a185255c7c58b352e831efd69cb1bb3b8ef98e1caaeba26f445cfe6c1c
IMG_4271.JPG,JPEG,1310237,4032,2268,,unavailable,538787f6205fec4d26eebdd2213de7941ec93b53aea3f4e13edb4ae77c2c5858
IMG_4272.JPG,JPEG,921765,4032,2268,,unavailable,461aac565f3b28a68e4d10a372dd1ebaaedfa635a7b9f690551b5a3777e710dc
IMG_4274.JPG,JPEG,3132690,3213,5712,,unavailable,58400bf82ede6f5a68f5664a61bb91e66c7638b9980b2b7e65b3668a4f99cf72
IMG_4275.JPG,JPEG,2659633,3213,5712,,unavailable,e825b8a4c19712b239e8eb42c115e14e99859bcbba4492abc86c5bb5d99b26b1
IMG_4276.JPG,JPEG,3226252,3213,5712,,unavailable,2d3dc89f4b6b9c22c8c1306c37c22e11d219bbba4167860285df59970459c27a
IMG_4277.JPG,JPEG,3291368,3213,5712,,unavailable,33255d1b0f181486e9aadf3c78cae6faafb0aa36033c67394f1767a649ea8377
IMG_4278.JPG,JPEG,264392,590,2573,,unavailable,dc78354a6032c6704dd686be147a14cbd10fab54e9b90498b5b1becb73d8ad65
IMG_4279.PNG,PNG,306909,1206,2622,,unavailable,31739d1766a46d3527161bc100bd719959da1cdbad85c69c731c3d681606c413
IMG_4281.JPG,JPEG,3396082,5712,3213,,unavailable,b32587638f5333a8ae9cfc68b79fa0d20781f2b5b738667b3d836ae3d2d6e13c
IMG_4282.JPG,JPEG,3555779,5712,3213,,unavailable,5fccbe5d1a697d629545eaa982534db62e4ebdeecc03979abc17afc2e074dd4e
IMG_4284.JPG,JPEG,1788452,5712,3213,,unavailable,2d16c5f7f7fbde20c32a12ac51fcb77397dbe645018389ce18258d9d4acecf4d
IMG_4285.JPG,JPEG,3693241,5712,3213,,unavailable,bde49e52b25f269cc29b258cc476e59dcb13fccfc002b95db23a554563b58fb2
IMG_4286.JPG,JPEG,3468758,5712,3213,,unavailable,3a59a8c8fcaad943a1d6e667d53fbf10256baef44f27628f49137f17acd041a7
IMG_4287.JPG,JPEG,3896267,4284,5712,,unavailable,d79eb19743ca1b40a268cb2cc6b0a34481cb9d316aea024b214fa9f42472e8bb
IMG_4288.JPG,JPEG,3317359,3213,5712,,unavailable,f71a4c8cd19597fe6f1b6c302a8ff57f90365d948428f216aed5d48200c7dfca
IMG_4289.JPG,JPEG,3023148,3213,5712,,unavailable,8a1d21d4d9122379960fef1a4e0fbf914d0ff0518179ab30d8e33eb68bbab2bd
IMG_4290.JPG,JPEG,2897314,5712,3213,,unavailable,7905270514efb1f8ddc797fd2b8d504bed5e29a0bf55fc6f30d0a25162d65683
IMG_4291.JPG,JPEG,2984282,5712,3213,,unavailable,07adbc421874c1befaf5945e1c139defa896a91346a0ad0049d612cf6dc665e1
IMG_4292.JPG,JPEG,3032319,5712,3213,,unavailable,20ec7b428e6d50b4f82b587311c988040b2a4af65856abd401958e8ac20dab91
IMG_4293.JPG,JPEG,3774742,5712,3213,,unavailable,1c202ce010b1a1c62ae0352199a36f30eb0247432af67b63e1824d52518ec77c
IMG_4294.JPG,JPEG,3172817,5712,3213,,unavailable,822cbe0ed63b44d25b9754808254bfbbd2a4b4daa4640c25057e3a56d899d533
IMG_4295.JPG,JPEG,3404991,3213,5712,,unavailable,5cbf35b940cb9d71d24d80c96f0ed3b1fcce693b3e18f7aa232193ac1ad9f563
IMG_4296.JPG,JPEG,4100805,5712,3213,,unavailable,692a199127f40ec70d38186d5b93b6f6917557eb667c199fab8cf5ab4f5eaa48
IMG_4297.JPG,JPEG,4172933,3213,5712,,unavailable,ef4ac47805954fa1b8d76c62bcd88fe22a149009aaea2d86d8dd5a7d0607769d
IMG_4298.JPG,JPEG,4852447,5712,3213,,unavailable,8b6cebbe2131c45dfc5e1662984c3383a419b2b680add1d9a2be2961b15a8ab5
IMG_4299.JPG,JPEG,3862081,5712,3213,,unavailable,687888a95e0b0e068c0095b687d6ac2b594b3441bebac9ec2fbba1899aa8022b
IMG_4300.JPG,JPEG,3491785,5712,3213,,unavailable,40a5f3cb44b37dbc10787a2a7fa8bad131423e2f0ec43541a31267637f3e12ca
IMG_4301.JPG,JPEG,4213561,3213,5712,,unavailable,a085054c9abe7123d9a5724a14d5f556228132fcf3a7ce2c8a70af1b60f2a155
IMG_4302.JPG,JPEG,4536181,3213,5712,,unavailable,169ab17ed02c75aad1b228a171ed96fc97d3bea17047c4ad3258b031804b33ba
IMG_4303.JPG,JPEG,3159410,5712,3213,,unavailable,1a98fa1d26a30617a629522e208fd2a00748ffe38927b014fcb25c89c046a620
IMG_4304.JPG,JPEG,4989802,5712,3213,,unavailable,f1d4f14b617a7fbce34f37ce4b6716ffb965b3442b5799bc1dd4ec56f2a9b9b9
IMG_4305.JPG,JPEG,4599790,5712,3213,,unavailable,2efc2674e73b9a2ce4e82fb815202fd6a71e72b1d1401ab3aa498af3fa75dd7e
IMG_4306.JPG,JPEG,4609390,5712,3213,,unavailable,d14ae7ee22dc92a0d56a621a07177e26fcf510c62b845d291968c57da06d66e8
IMG_4307.JPG,JPEG,3420391,5712,3213,,unavailable,d65cff271600f8ece99542b82168a1c968abdd539952f65fac99d1f6a8898af9
IMG_4308.JPG,JPEG,3191128,3213,5712,,unavailable,24b4477f350c856ee197839d005eac497d1b3d1c2bf5f416b5973edb6ebe02ff
IMG_4309.JPG,JPEG,816165,4032,2268,,unavailable,dec12ba1bdd8afd561c3c826ea0bac36b4a39bd77b0b52bd47fb582a23bc0942
IMG_4310.JPG,JPEG,730990,4032,2268,,unavailable,7746bf7853e7bab028d9ef0b50e98dbd8a3bb3182a4542735c8bf4dd97c8682b
IMG_4311.JPG,JPEG,2470913,5712,3213,,unavailable,fe65be3034ef554ea728064909677dffce31fd4ed7da03d21ea6fc8f5511f675
IMG_4312.JPG,JPEG,1498972,5712,3213,,unavailable,0b480087adb6e50ac23c6d0ad0b9aa6d8bbaff05c4edf5fad8052338387249e6
IMG_4313.JPG,JPEG,1692943,5712,3213,,unavailable,c5fc2e6417982a62cce993798fa06cecec93ac8a0fb5425febcff2ae9f5292fe
IMG_4314.JPG,JPEG,3494587,5712,3213,,unavailable,56e3477b7eea089068cd4d959a4ff625db86acd5fd747c6d1091c6f95acb98c5
IMG_4315.JPG,JPEG,2917808,5712,3213,,unavailable,02c31684ae747bdd77bafa5fed13693db6f1399a8a38cf0816635938135f416b
IMG_4316.JPG,JPEG,3547411,5712,3213,,unavailable,685e315ca1c3aefb7e302a45fcb2453c27604bf079733adf0be93bdecd36c7ee
IMG_4317.JPG,JPEG,3538566,5712,3213,,unavailable,52d370b7464fe24904b1dc865de02b692c9ced91d4ac575399b80623dd5d4a8b
IMG_4318.JPG,JPEG,4001171,5712,3213,,unavailable,3c6804fd16c02dcca69fc936ad60d97839624de3b089c10206d0cde4a330ad6c
IMG_4319.JPG,JPEG,3443993,5712,3213,,unavailable,7e271313cecb4b3a1c64375c4a529d482db7c3c23075d47a5a10e83355f549d9
IMG_4320.JPG,JPEG,3806224,5712,3213,,unavailable,eef672bda399a137f72471f9a69ebd88f6dbf9e396dcfb8cb252e22314a0581e
IMG_4321.JPG,JPEG,4682320,5712,3213,,unavailable,68e11164026416f1fbed1ebd4241c1d6304915f4ebb07ad1b99a08c239320a72
IMG_4322.JPG,JPEG,4375862,5712,3213,,unavailable,9d4401659618ab90338f0f0f604be1416fcbf909a2e65da665ff46580973061d
IMG_4323.JPG,JPEG,3933980,3213,5712,,unavailable,ff0339b4a3a1fe1decae19fa3d6a2d39990a8069d2f36cca22a341e59371aa96
IMG_4324.JPG,JPEG,4084944,3213,5712,,unavailable,a302ed92cc5b3071e2fde9a846aac3337a125b18a0c2114105e4311cc066413f
IMG_4325.JPG,JPEG,4117454,3213,5712,,unavailable,c52c61380e724148e89b5cd4bee598c88a49e890f617ddffbe200e15b89d309f
IMG_4326.JPG,JPEG,4036065,3213,5712,,unavailable,a09a837e47f618980fe48a618e068dff166d57f0abc0ede64379618263e48b6e
IMG_4327.JPG,JPEG,3328753,3213,5712,,unavailable,4b425eca45a343e7c8169119f472e01a70c398a796d84a62494b0432dbc35405
IMG_4328.JPG,JPEG,3693250,5712,3213,,unavailable,12b5ee3cf6f4c96a411a831902bbb75ddac11efae152b6200c06a5bd51d161f9
IMG_4329.JPG,JPEG,2988352,5712,3213,,unavailable,beecb0246c76ac1cd95d4acdaf904ef8341456892677fe0ed89d7e4222491a4b
IMG_4331.JPG,JPEG,3211217,3213,5712,,unavailable,0545432e7a6ec719d170db4ef905179fac299a581db8d2899327e53f15aedd34
IMG_4332.JPG,JPEG,2717209,3213,5712,,unavailable,d0ef0fe1c90796ae779280200ab08b9d48b03e396f9c26e37e9a8ab9beeca5fd
IMG_4333.JPG,JPEG,3437102,3213,5712,,unavailable,2025b1396d5cbc9845707f815617312fdb788048e6f53c2e31b44be5826ee31c
IMG_4334.JPG,JPEG,3275355,3213,5712,,unavailable,22c193d1cf0cbff81306a2c7c289e3ab4036f07bfc84e12887cb45f5b4013c0c
IMG_4336.JPG,JPEG,2599613,5712,3213,,unavailable,286f2185d9429f579a3dc6e327a03c646054b26c65b56724dead3f55b5309306
IMG_4337.JPG,JPEG,2956303,3213,5712,,unavailable,9862943aa0ca3f6bbb9bd1a40752b30de0cfb80a8f29f7abcafec140b91df211
IMG_4338.JPG,JPEG,2919729,3213,5712,,unavailable,7842c3c69b60bf78461ea656eb1e601d352c9fab7875ddf2260bc55c89b07a5b
IMG_4339.JPG,JPEG,2906544,3213,5712,,unavailable,6d5a0fcb75e2d5d8f9ebfb1019c2271ba5b532ad1a0ce80be97d4c1f445f7baa
IMG_4340.JPG,JPEG,3491428,5712,3213,,unavailable,afed2fc084b2d59811e5f2fd767fac92db0e83d58cc12eaad4d2f295a0a1ed81
IMG_4341.JPG,JPEG,2885618,5712,3213,,unavailable,dacee6fba8e00b06c46804ebd8feb027a9c17b0ff382d46b9d9eacf3b07c621e
IMG_4342.JPG,JPEG,3914695,5712,3213,,unavailable,105bdbe51d467d54836f70765e4fe61a798ed87ab13f84cf8303ccfcc0780388
IMG_4343.JPG,JPEG,4122355,3213,5712,,unavailable,a96ed594aca4eee6abaa4b8b81e6ede1552668fa2deb7339e82546e17790dce9
IMG_4345.JPG,JPEG,1990893,5712,3213,,unavailable,65c91eed22d701607f77410b31cecb2a408607129f7e88b8e4a8dec21bfd2f06
IMG_4346.JPG,JPEG,1428921,5712,3213,,unavailable,5de6ffce0c4572849193927a2dc351d1f0c7a0adf5b4ebdbc9ce63647037bdc8
IMG_4347.JPG,JPEG,2156055,5712,3213,,unavailable,c7b189666b0ae4bec596076e0743fec3431487232ff577d894634db59248f40c
IMG_4348.JPG,JPEG,2195700,3213,5712,,unavailable,bf0809b8ad1a23eb7d7e713dde9bd4070504b1cde6eaa72aa945ae87a71bdc05
IMG_4350.JPG,JPEG,1762386,5712,3213,,unavailable,d8d42d249b7be4fc6e0d3a2863a8744d8bbd1057f2d818c7fcc52a4afe5c0d69
IMG_4352.JPG,JPEG,1850429,5712,3213,,unavailable,7109f1475b9a9308419ee7496f67fada1e5b34a2205ae7bbb767997b7345500e
IMG_4353.JPG,JPEG,3198193,4284,5712,,unavailable,19417a58a99dc7d5312a1e9e462048cca0f2de4daa195f343dfd3b9d0e71d75a
IMG_4354.JPG,JPEG,2033236,3213,5712,,unavailable,341c928855cd5b71fc1e26628613874ffb61cd0f63269b48f2a0ce1310504b69
IMG_4355.JPG,JPEG,2866314,3213,5712,,unavailable,90cde9108dcc6a65771bb81b102d5f3987cb1ab73519608cf811ad96b92195a9
IMG_4359.PNG,PNG,471640,1206,2622,,unavailable,b5675abce0db507903eecbd104b4d49fc35b3e975fc1b85cea251b02445db7a5
IMG_4360.JPG,JPEG,1436644,5712,3213,,unavailable,91e947fbdf8524ecf616e707eef43bdfe4643427aed32332b670bfad5db30402
IMG_4361.JPG,JPEG,742730,4032,2268,,unavailable,95f4395b68a2741995232d0e288f083b2c328c5e1419f3e05903608243f9b292
IMG_4362.JPG,JPEG,1769450,5712,3214,,unavailable,d10eadad8813224d0b1d9d7f5550ab141fb6160b1f43974545b4883f853ff385
IMG_4363.JPG,JPEG,1499774,5712,3213,,unavailable,f1e199431d0861085fb226d66fe66a4a842617dce2a1e6cbeaa6688a8503a496
IMG_4364.JPG,JPEG,3572379,3213,5712,,unavailable,d23d8af98bc2b7167cab16d68784e9145543f68502e50100236c0914ada9d790
IMG_4367.JPG,JPEG,4197623,3213,5712,,unavailable,1ea3502c08b9fa3011db82d3c776b9fc4a13d1062266e29e14868581d42a2b1a
IMG_4368.JPG,JPEG,2901535,3213,5712,,unavailable,e38e8250d8a8166493fc4ab5e600b017bd9d16b67e644a0e84e93db99ad95c67
IMG_4370.JPG,JPEG,3469074,5712,3213,,unavailable,d104575a402b2668fa76c832af08586d5086b05d697770b64a1e74922bb9c5c8
IMG_4371.JPG,JPEG,3594442,3213,5712,,unavailable,7b6310dff3f066a4181bc4cd98e33163da549f6a4665f645b16c35bb49520368
IMG_4372.JPG,JPEG,3965977,5712,3213,,unavailable,51a6315bcbd266ae6157d5fb2db58b52489378cb72d52997ba21eb929f5e5481
IMG_4373.JPG,JPEG,5109083,3213,5712,,unavailable,e68db6162519ed60fd62977caf34bf944b1238f3cc08b380b1802c0626f8f5f5
IMG_4374.JPG,JPEG,3560329,5712,3213,,unavailable,c19e3bad4d1761ba4733bad3a8151b69a371860d620d60399ef5fcfeb8e00747
IMG_4375.JPG,JPEG,5027011,5712,3213,,unavailable,5bd013ade6364956f02f27fd4070d44a0151c5cfc07b745c70a25e98417a00fc
IMG_4376.JPG,JPEG,3553565,5712,3213,,unavailable,7b84c769e818859b37b5edfe01e40f5538b0e0d09fceabc75154d84a373f5230
IMG_4377.JPG,JPEG,1699106,5712,3213,,unavailable,80aaa70d135418ceccbf52a7b6fdf219ddc7f168519066ab6bd220acf793fc65
IMG_4378.JPG,JPEG,2275856,5712,3213,,unavailable,1931d3eab44318f3f1bfb4d90db502ffd00c689114727e0fc4afd36da56b524a
IMG_4379.JPG,JPEG,2337227,3213,5712,,unavailable,621463a9a4e38db57fa8a319f9d44ad0dca7cdafa37f3e2205a7760b4846f01f
IMG_4380.JPG,JPEG,3190086,3213,5712,,unavailable,5d45e054c7a440d9bc54c9550354bd2f73055c1ae7b9837a8943264f333d4ebb
IMG_4381.JPG,JPEG,4680169,5712,3213,,unavailable,f2e02ee2f70a0dfa4749793ba3dd687eb736c830a9faf118cbfbea879f1860db
IMG_4382.JPG,JPEG,3294263,5712,3213,,unavailable,cbda53180e4d5fc3cd78d71f746f0deac925b6addfc3365499d79ab8470c983d
IMG_4383.JPG,JPEG,2832303,3213,5712,,unavailable,c6d5141dbc71606781f79da2a03b1d31277ca358cedb9c3f9bce268ae9eae142
IMG_4384.JPG,JPEG,2273639,5712,3213,,unavailable,69f922ae351701aa979d812a75701dcd38f2e0df58eade7cf33441b998f90a6c
IMG_4385.JPG,JPEG,3112797,5712,3213,,unavailable,58cbd5d7d43ab9649d8848352ea03431ee7561bc92da182cda3ac672b081a737
IMG_4386.JPG,JPEG,3217254,5712,3213,,unavailable,69c568bea8212afd741da9765a3aa6d99d2d11cebcdf278596b4ea96186da865
IMG_4387.JPG,JPEG,1157169,2268,4032,,unavailable,9b7503da247eb9ee6c447f5fc87a2f6caefffbf321ee869971e48e7f1a0fedd1
IMG_4388.JPG,JPEG,1149194,2268,4032,,unavailable,5526f09a6051723e30a306943e79c8e0a6e2c203a982202be6241f9b7543965b
IMG_4389.JPG,JPEG,1216100,2268,4032,,unavailable,2ea13b84ff1daf5e432bfeb7eba7cff347855247b6a751504c934a75227e1827
IMG_4390.JPG,JPEG,2374575,3213,5712,,unavailable,06691336368c603885e1a20feeae6b5dd998d7e56111d3f959f546666f0efaf8
IMG_4391.JPG,JPEG,1853353,3213,5712,,unavailable,4e73c2135383758a76b594682bb80f1f2a862a47922a129f1519ecf57ead6f50
IMG_4392.JPG,JPEG,1159701,4032,2268,,unavailable,9f2b2a70af8d4812b01b82cf640e7f97c1b3f32d6c452bf596f6cfb9a4d56fa3
IMG_4393.JPG,JPEG,3004472,3213,5712,,unavailable,b3b13672f105b4488ee078440d21038fb26c7201489733f0e857938320a59e81
IMG_4394.PNG,PNG,7802128,2622,1206,,unavailable,b4b51777b212c432d99036bb6b72e2963626aadeb3b5e94346796b69a17ffe5a
IMG_4395.JPG,JPEG,3344390,3213,5712,,unavailable,2e764713f020ded9bb4c7ac46d990e0b0188beac9d7421f4be9e79ba9e6dd8da
IMG_4396.JPG,JPEG,2810292,4896,2754,,unavailable,61889fba277da32efdf1846e1eb50b0bdaed49f227d930ce423549369623ea78
IMG_4397.JPG,JPEG,2628341,5712,3213,,unavailable,0914a4d0987c7382cec414cdeba12713dd8bcf96d57125f8659c806bca728d0d
IMG_4398.JPG,JPEG,1448198,4032,2268,,unavailable,b5be61bac565c2a2988376e000bad1564344f01ee36c97483cab8d1795635ee0
IMG_4400.JPG,JPEG,3674448,5712,3213,,unavailable,58b3eadc18dbb91b7186abbb27b5ffe8cd839b667adbaae4d517941da6091f4d
IMG_4401.JPG,JPEG,3201764,5712,3213,,unavailable,523e933a455e7b153f9a07a14ecfe1cf3586a1f5019af0615ba9878bc4faf007
IMG_4402.JPG,JPEG,2860505,5712,3213,,unavailable,d529214a65ecc4c4451059b6d7c1ee4b18d82c92326eab93a5bfd965ae6338b2
IMG_4403.JPG,JPEG,2825360,5712,3213,,unavailable,9cb71d10bd5aebc38f9ffb886125d09ba77ed531699aa71e149ff8710b082f07
IMG_4404.JPG,JPEG,966787,4032,2268,,unavailable,af516715af5e41ea21e59f99b3d88fb83be8994705daf2f37b3b37f38aa31f27
IMG_4405.JPG,JPEG,1112930,4032,2268,,unavailable,b209d244f607bfbfa5507905729fd7851ff97f7c845652002e31aba9531a654f
IMG_4406.JPG,JPEG,2444228,3213,5712,,unavailable,bc17529fd136585028ca08e5a1db6f9d914259f54002b9727c711ab6de6d8048
IMG_4407.JPG,JPEG,2448659,3213,5712,,unavailable,909427bed5d1427e02e05c4e49626bfb1320c9d5f4183439cda245a6d2095370
IMG_4408.JPG,JPEG,880474,4032,2268,,unavailable,b5bc5d27cbe714bfb32b2a5e48c4a9db22e2a4f3b090a70fbc4664194ccdcd2c
IMG_4409.JPG,JPEG,1457125,5712,3213,,unavailable,b1b243aaf2d6adc85e0abba6d6f034f63da5a13851b46e4c02b0effc0f149ea3
IMG_4410.JPG,JPEG,2981147,5712,3213,,unavailable,a7af0c464fe1c508b345115875fd82c3fe318ea69250da0c3ffb561d17785a43
IMG_4411.JPG,JPEG,3229792,5712,3213,,unavailable,12c92b9b30534250069411ecce8cda81f58fc7d951eb886090527b84fdab257e
IMG_4412.PNG,PNG,154232,1206,2622,,unavailable,270f09d06b11369083ebbbfb4e4cab483ecf04ff9bc6f0d9c2996a775be0d2e5
IMG_4413.PNG,PNG,172867,1206,2622,,unavailable,76212e7d64855600b98af9d012a670738dc87da9ea98ad47bae8fa83d70653e6
IMG_4414.JPG,JPEG,5458750,3213,5712,,unavailable,c8115a170171988f5fe2b22d200147442e3f4004a587817f347c13a0442dce32
IMG_4415.JPG,JPEG,3138840,5712,3213,,unavailable,a65ede266938837db687513ba8e1ed6e5b6db46505811de26d0054b521f13468
IMG_4416.JPG,JPEG,3114016,5712,3213,,unavailable,40a9da84bc05c4913d137636d32a52ab153f26f71b9505587446761a5266b372
IMG_4417.JPG,JPEG,2293451,5712,3213,,unavailable,8441eee19be3baebfa9650a77fa753f38df12d83a2bd6fce09bf4a13c1892c71
IMG_4418.JPG,JPEG,2816679,5712,3213,,unavailable,ec151849f4c338f97cdf51c01a18d66b611c8028b6e8e29d8ee033a3902f8854
IMG_4419.JPG,JPEG,2221205,5712,3213,,unavailable,e4fe03bfd7b80bd665cf5c71cff2021629f43443983022e854efb6cdac72957e
IMG_4420.JPG,JPEG,2547459,5712,3213,,unavailable,d863d954de5e33e2499d1258ed587e0e9c79515b98adf6de155eceeff579ef81
IMG_4421.JPG,JPEG,2622340,5712,3213,,unavailable,6cbee2a4daf0f0883a40f4d6ed37b8a1eb8dba9801349b4d48972d711dc85ddf
IMG_4422.JPG,JPEG,2334467,5712,3213,,unavailable,36b57e3810bfd9b8cf532e9873de50afeaa07b3f85163d7f920df412adbf476c
IMG_4423.JPG,JPEG,2423020,5712,3213,,unavailable,759a56ffe476f1c3ead456c10934d3cf67ff6db2c8787941e71b3e370ddbff28
IMG_4424.JPG,JPEG,3473801,5712,3213,,unavailable,6dec2cad415858b2d7d563f5a65ee15e068a25068ddf89c3ee7894d2e4b4ee57
IMG_4425.JPG,JPEG,2992233,5712,3213,,unavailable,39cef8ee5819f2a2970904723e5e4d908231ee630ff972f3aef7be96dea721be
IMG_4426.JPG,JPEG,2820395,3213,5712,,unavailable,812c0f71df5212a99685df848a29c65e936d7225440c76a94ad0d011b6adf28e
IMG_4427.JPG,JPEG,3332949,5712,3213,,unavailable,a498095003aba934b9339491a5984a093dafea61f8e54c0be94abe7e0054248d
IMG_4428.JPG,JPEG,2611366,3213,5712,,unavailable,c3dc70ab4a32c09df70b5b737efee2c314877655919b442b4dbf5cb81125fd32
IMG_4429.JPG,JPEG,4435173,5712,3213,,unavailable,ad9ef21952cfd19443e8ea38ad2d010b518c493c0d0f4f7162478eb189a35955
IMG_4430.JPG,JPEG,3180132,5712,3213,,unavailable,2af4102c389c406605522722129e02b7f2d63f19a4f411eb00a7ee5e4af7d8ea
IMG_4431.JPG,JPEG,4381964,3213,5712,,unavailable,293cfac58f5cc33f38246057392c5b9beff4f7ef1c8d837a4f555b506b0f8966
IMG_4432.JPG,JPEG,4105768,5712,3213,,unavailable,e9d6cd822a0113e778ba0d693dfd4f6fa48169912a5e0fc3bada4d5f6394fa98
IMG_4433.JPG,JPEG,4145877,5712,3213,,unavailable,7f9df32092966cfab5b9e3853501710c44b0fae7d0af4ce1fe658d897f9448f8
IMG_4434.JPG,JPEG,3230964,5712,3213,,unavailable,c8808f88e66b92b0eb8a0ff5b1129c4e68d3e0314e7292241927ad677ca06c0b
IMG_4435.JPG,JPEG,2594385,5712,3213,,unavailable,e3d92e9ceef5ac35fd054a0d30f7ddd700dd286cbbcfca39c55e707f0292df15
IMG_4436.JPG,JPEG,1780189,4031,2267,,unavailable,eb39ca45d8097dd62974f544566adfc7ee12b53638f04ddbe861f587a182d9d6
IMG_4437.JPG,JPEG,3540905,4651,4274,,unavailable,fbd807bcd852b71d4069d14c92193f91d53dbb92a69d822f21bad6f545af46ba
IMG_4438.JPG,JPEG,1906367,5712,3213,,unavailable,cd5351a17702440582f2e5f20d0a3745d14cc79c314bd61ccd4e203d3d88fd5a
IMG_4439.JPG,JPEG,2941800,5712,3213,,unavailable,1dbb23c732258b450bc6e05cab798f9d4cda4b3a8758d5829380800110611b97
IMG_4440.JPG,JPEG,1233447,2268,4032,,unavailable,df483c5e759dc36bc3608286a882ad9fe5ee2a52f658b44bce63f1c88e6d7411
IMG_4441.JPG,JPEG,3407165,5712,3213,,unavailable,d766766e10df783a784cd5cec73a5e32049fbca0d255caf63c4100a0a610ba76
IMG_4442.JPG,JPEG,3033425,5712,3213,,unavailable,c78c716cb41bf43046952debaf3e949f2113e5a9edaeace56832a5ff19c5a446
IMG_4443.JPG,JPEG,1268892,2268,4032,,unavailable,4d6be048b1ae109d00de4a0d83984d044ed57fe82f219b9f8abdff487e0f8a76
IMG_4444.JPG,JPEG,4646921,5712,3213,,unavailable,adb709e425a1002639f490b98b63299b4ea3e25e4c8ba43038b335ce8897d903
IMG_4445.JPG,JPEG,3717338,5712,3213,,unavailable,6cf55666ab71f77f557ee3c1335ec45636ca3c0325572e6f4b9e65d9182ebd87
IMG_4446.JPG,JPEG,3900801,5712,3213,,unavailable,b91c102d92754130be6124c20d3795ea4593b2e9b12506cc60a3492dbef18cda
IMG_4447.JPG,JPEG,3402408,5712,3213,,unavailable,ef583c498a0b873e9910f4f1b6cd3f2667cd402679487a5395d09a048f0a16f0
IMG_4448.JPG,JPEG,3144782,5712,3213,,unavailable,1b9822fd5e641fb31828cf6c56498445bfe4a0beaa2274cfd9c25498b75ed226
IMG_4449.JPG,JPEG,2697879,5712,3213,,unavailable,849972cc5ae6a55fc6d419b53bc3a83de6b817680fec831392c3024a76818393
IMG_4450.JPG,JPEG,1888677,3213,5712,,unavailable,553f6a9e94a10540d8d874326976e79e88da0e5c008cc7ed427b9e91440eb300
IMG_4451.JPG,JPEG,2433220,3213,5712,,unavailable,a1323222f8d34e6f6e7e74ebc3e774b1ee6e348eaf02b9646f0d9e6785979846
IMG_4452.JPG,JPEG,1833601,3213,5712,,unavailable,ad5313db414a63524e42392b915fe7b0f37b087f3cdf6da35e41ec6e7239f832
IMG_4455.JPG,JPEG,3089795,5712,3213,,unavailable,e9c97e1b68f0174390a017cae5daba77cba6d957e259bbd60bbc31e72de6b933
IMG_4456.JPG,JPEG,4168559,5712,3213,,unavailable,73c432b8bc19cf49c86078a08b5eb05f16a551f3b3787a8882ed045b5eb59d9d
IMG_4457.JPG,JPEG,3116969,5712,3213,,unavailable,df5b5fcecb1431e2232bde1f9863d30a1e6d7d684a64f14e963af6a0f96cacfa
IMG_4458.JPG,JPEG,2948856,5712,3213,,unavailable,921ee58dd3bf76c19e050a0292423998294933bf6d2d9891b88b931600f58105
IMG_4459.JPG,JPEG,2112131,5712,3213,,unavailable,34203ffb75ede45729642248269de40995fbb8302f90d40b8c4ddf4139f958a6
IMG_4460.JPG,JPEG,2742236,5712,3213,,unavailable,372977bdf5b76e598b317e97e7a8ebbeedfdc7d0a6f9594b17aa4d07a2c66c30
IMG_4461.JPG,JPEG,3502993,5712,3213,,unavailable,855184dde42d0fc74d517ae38aaf51f59068690caeb9a9bec6c20168b0ce3111
IMG_4462.JPG,JPEG,3663497,5712,3213,,unavailable,ce79f9f22bd83d5ec4d2cf622b6c10cf8f9cc6ed1d26d385866a19f555ea82df
IMG_4463.JPG,JPEG,3964656,5712,3213,,unavailable,16dcd7a84952ce6d64a33b7e1faa64d8d18ecc793725d41602af3b69dc134e24
IMG_4464.JPG,JPEG,3833825,5712,3213,,unavailable,430f06c738e1d10dd3edbb36ac5b16af5f5a33189df747e4dce9dcedadb5aeb8
IMG_4465.JPG,JPEG,3357032,5712,3213,,unavailable,6da29e8896eb733f42d1e2a2762febdab169020d9b4496355d10fa19db17bc7c
IMG_4466.JPG,JPEG,1911442,5712,3213,,unavailable,d14fbb1a07d6f5071654d2983d0a6b4ff29673b03c12c4b3d02909c20b59b737
IMG_4467.JPG,JPEG,901453,4032,2268,,unavailable,5016085c72fb10b57aae0ab4504bc8686fb5104d429d3cb95dc857391169debb
IMG_4468.JPG,JPEG,2850792,5712,3213,,unavailable,ac78f90da75c1e4c37f3abf03d1095e419ea4c8c11f78c77c6d7fb7fc41cc002
IMG_4472.JPG,JPEG,1272318,5712,3213,,unavailable,e927bc3ded869300a7a85ca1ee5a4bfe84e5f850411712d45974492f9decf02c
IMG_4473.JPG,JPEG,1229013,5712,3213,,unavailable,0821c0679914dc510b412fdd68f2a966217e4cf4b234a548c35d56de25126971
IMG_4475.JPG,JPEG,4161104,3213,5712,,unavailable,0216fd2bf084b69dde7f03e687eafff78af72d9ae81db654b61c109c42f24347
IMG_4476.JPG,JPEG,4003266,3213,5712,,unavailable,2eedd6f54c6c0ebb6317d93c5d6470a8fb10419aea1970b67e38ee3bb2a4f683
IMG_4477.JPG,JPEG,4582251,5712,3213,,unavailable,28585370f6697d23a8f14cbdfef50e4b1d0f7e279afcfdb4075ba2806a9f1794
IMG_4478.JPG,JPEG,3705643,3213,5712,,unavailable,97d54d098f6b1ce554c66cc816335ad7a956a7715fefff86dfe95ca6e94a8adf
IMG_4479.JPG,JPEG,5411121,5711,3212,,unavailable,c4f4edd9ffb9e818d0f702fef93d86079550a60bf967c7a0e0d4b9f156ad4ca3
IMG_4480.JPG,JPEG,2134855,2268,4032,,unavailable,bb9c33a9af21a0756df483ea09c8d3a72ad04186cf9d156e38fa1ed41005b4b5
IMG_4481.JPG,JPEG,2362300,4032,2268,,unavailable,f55e04ed4cff6ee1aef699d8d467d8091145ea687fc3227979768156491e4788
IMG_4482.JPG,JPEG,2130808,4032,2268,,unavailable,e4c3d57d6bb567bcee2baec742e3e493dc57d252bb2c88d0134e9781ff502d63
IMG_4483.JPG,JPEG,1720846,4032,2268,,unavailable,0c1e2217f94cdb24bfbd5fe3cc62500b3ce9309ed520e77be0a11c0cb9ff17cf
